atm_id,bank,city,lat,lon
ATM-00001,SBI,Chennai,13.04042,80.1869
ATM-00002,Kotak,Chennai,12.98008,80.27931
ATM-00003,Axis,Chennai,13.10257,80.36903
ATM-00004,HDFC,Chennai,12.9717,80.25477
ATM-00005,SBI,Chennai,13.02046,80.28295
ATM-00006,Axis,Chennai,13.16114,80.18041
ATM-00007,SBI,Chennai,13.11405,80.29062
ATM-00008,Axis,Chennai,13.1012,80.2459
ATM-00009,PNB,Chennai,12.97388,80.35673
ATM-00010,Union,Chennai,13.06329,80.28046
ATM-00011,ICICI,Chennai,13.03674,80.34657
ATM-00012,Axis,Chennai,12.98743,80.28779
ATM-00013,HDFC,Chennai,13.05208,80.28216
ATM-00014,BOB,Chennai,13.09815,80.29926
ATM-00015,Kotak,Chennai,13.126,80.25332
ATM-00016,Kotak,Chennai,13.07444,80.37233
ATM-00017,Axis,Chennai,13.03464,80.34135
ATM-00018,BOB,Chennai,12.98235,80.22276
ATM-00019,PNB,Chennai,13.17273,80.32577
ATM-00020,Canara,Chennai,13.10885,80.16827
ATM-00021,ICICI,Chennai,13.06305,80.33241
ATM-00022,HDFC,Chennai,13.18668,80.25191
ATM-00023,Kotak,Chennai,13.1462,80.28823
ATM-00024,BOB,Chennai,13.04433,80.23474
ATM-00025,HDFC,Chennai,13.10187,80.26019
ATM-00026,HDFC,Chennai,13.18942,80.26448
ATM-00027,Union,Chennai,12.97726,80.31906
ATM-00028,PNB,Chennai,13.20104,80.34796
ATM-00029,Kotak,Chennai,13.13469,80.36359
ATM-00030,ICICI,Chennai,12.96812,80.26151
ATM-00031,Axis,Chennai,13.10932,80.26919
ATM-00032,Axis,Chennai,13.14708,80.18174
ATM-00033,BOB,Chennai,13.0582,80.37074
ATM-00034,Canara,Chennai,12.98204,80.2585
ATM-00035,Yes,Chennai,13.02938,80.18356
ATM-00036,Yes,Chennai,13.17006,80.21752
ATM-00037,Yes,Chennai,13.19945,80.31455
ATM-00038,ICICI,Chennai,13.19256,80.18692
ATM-00039,SBI,Chennai,12.99901,80.30874
ATM-00040,PNB,Chennai,13.07909,80.29209
ATM-00041,Canara,Chennai,13.03036,80.18566
ATM-00042,ICICI,Chennai,13.05132,80.28662
ATM-00043,Union,Chennai,13.12842,80.27442
ATM-00044,BOB,Chennai,13.11989,80.32825
ATM-00045,Canara,Chennai,13.17859,80.33789
ATM-00046,HDFC,Chennai,13.05687,80.24645
ATM-00047,Axis,Chennai,13.07827,80.24681
ATM-00048,ICICI,Chennai,12.97886,80.2008
ATM-00049,HDFC,Chennai,12.98908,80.29487
ATM-00050,HDFC,Chennai,12.96276,80.187
ATM-00051,HDFC,Chennai,13.19045,80.298
ATM-00052,ICICI,Chennai,13.17254,80.29808
ATM-00053,Union,Chennai,13.11496,80.38001
ATM-00054,BOB,Chennai,13.0501,80.18018
ATM-00055,BOB,Chennai,13.20104,80.26254
ATM-00056,Kotak,Chennai,13.03754,80.18529
ATM-00057,ICICI,Chennai,13.14038,80.26557
ATM-00058,Canara,Chennai,13.08662,80.19995
ATM-00059,SBI,Chennai,13.04952,80.31632
ATM-00060,HDFC,Chennai,13.14465,80.22224
ATM-00061,Kotak,Chennai,13.12979,80.21337
ATM-00062,Axis,Chennai,13.18068,80.23607
ATM-00063,Kotak,Chennai,13.09052,80.33767
ATM-00064,Axis,Chennai,13.11545,80.29787
ATM-00065,Axis,Chennai,13.15616,80.3471
ATM-00066,SBI,Chennai,13.01068,80.26897
ATM-00067,BOB,Chennai,13.2002,80.34033
ATM-00068,Kotak,Chennai,13.0249,80.31691
ATM-00069,Kotak,Chennai,13.07003,80.37559
ATM-00070,Axis,Chennai,13.1919,80.23821
ATM-00071,Kotak,Chennai,12.98722,80.26352
ATM-00072,Union,Chennai,13.01175,80.30048
ATM-00073,Kotak,Chennai,13.1644,80.26577
ATM-00074,HDFC,Chennai,13.15461,80.17105
ATM-00075,Axis,Chennai,13.18105,80.33845
ATM-00076,Kotak,Chennai,13.07743,80.19355
ATM-00077,Yes,Chennai,12.98352,80.37778
ATM-00078,HDFC,Chennai,13.07386,80.3291
ATM-00079,ICICI,Chennai,13.13665,80.1915
ATM-00080,BOB,Chennai,12.96931,80.29249
ATM-00081,Union,Chennai,13.15626,80.18578
ATM-00082,Kotak,Chennai,13.19797,80.30844
ATM-00083,SBI,Chennai,13.00012,80.28229
ATM-00084,HDFC,Chennai,12.96612,80.38371
ATM-00085,Yes,Chennai,13.08908,80.37477
ATM-00086,Axis,Chennai,13.19947,80.19745
ATM-00087,Canara,Chennai,12.96942,80.20177
ATM-00088,PNB,Chennai,13.02043,80.29144
ATM-00089,SBI,Chennai,13.09334,80.35091
ATM-00090,BOB,Chennai,13.1811,80.23561
ATM-00091,Canara,Chennai,13.12169,80.34631
ATM-00092,Canara,Chennai,13.06365,80.37095
ATM-00093,Canara,Chennai,12.99408,80.18714
ATM-00094,ICICI,Chennai,12.96719,80.25633
ATM-00095,ICICI,Chennai,13.10875,80.33695
ATM-00096,HDFC,Chennai,13.00406,80.26434
ATM-00097,Canara,Chennai,13.09625,80.22894
ATM-00098,HDFC,Chennai,13.09007,80.2665
ATM-00099,Axis,Chennai,13.17467,80.16434
ATM-00100,Canara,Chennai,13.02916,80.33604
ATM-00101,HDFC,Chennai,13.07122,80.15739
ATM-00102,Canara,Chennai,13.06908,80.29771
ATM-00103,PNB,Chennai,13.10817,80.19856
ATM-00104,BOB,Chennai,13.07126,80.27869
ATM-00105,Canara,Chennai,13.08456,80.21014
ATM-00106,PNB,Chennai,13.17307,80.37682
ATM-00107,Axis,Chennai,13.18417,80.36496
ATM-00108,HDFC,Chennai,13.1643,80.18361
ATM-00109,Axis,Chennai,13.05687,80.22654
ATM-00110,PNB,Chennai,13.0655,80.20175
ATM-00111,ICICI,Chennai,13.15084,80.36599
ATM-00112,Kotak,Chennai,13.18818,80.30513
ATM-00113,BOB,Chennai,12.99701,80.36258
ATM-00114,Yes,Chennai,13.0154,80.3793
ATM-00115,Axis,Chennai,13.17508,80.18977
ATM-00116,Canara,Chennai,13.00145,80.25427
ATM-00117,Kotak,Chennai,13.05961,80.25181
ATM-00118,SBI,Chennai,13.03915,80.32402
ATM-00119,SBI,Chennai,13.04382,80.26078
ATM-00120,PNB,Chennai,13.05494,80.27488
ATM-00121,Axis,Chennai,13.08564,80.16613
ATM-00122,PNB,Chennai,13.19591,80.17585
ATM-00123,ICICI,Chennai,13.02796,80.36812
ATM-00124,Yes,Chennai,13.02761,80.18179
ATM-00125,PNB,Chennai,13.1666,80.31293
ATM-00126,Canara,Chennai,13.06013,80.27948
ATM-00127,HDFC,Chennai,13.09964,80.3188
ATM-00128,ICICI,Chennai,13.02967,80.3426
ATM-00129,SBI,Chennai,13.06478,80.16808
ATM-00130,HDFC,Chennai,13.11497,80.34309
ATM-00131,PNB,Chennai,13.10866,80.20408
ATM-00132,Kotak,Chennai,13.16977,80.25961
ATM-00133,PNB,Chennai,13.20133,80.25096
ATM-00134,Axis,Chennai,13.11191,80.16107
ATM-00135,PNB,Chennai,13.18785,80.38331
ATM-00136,PNB,Chennai,12.97479,80.19912
ATM-00137,Axis,Chennai,13.11358,80.27816
ATM-00138,ICICI,Chennai,13.03229,80.27072
ATM-00139,PNB,Chennai,13.02763,80.34358
ATM-00140,Canara,Chennai,12.97157,80.15512
ATM-00141,BOB,Chennai,13.09495,80.19617
ATM-00142,Yes,Chennai,13.02166,80.25799
ATM-00143,Yes,Chennai,13.12026,80.28172
ATM-00144,Axis,Chennai,13.19557,80.22457
ATM-00145,ICICI,Mumbai,19.19179,72.83995
ATM-00146,SBI,Mumbai,19.05313,72.84111
ATM-00147,PNB,Mumbai,19.15688,72.76112
ATM-00148,Yes,Mumbai,19.05938,72.771
ATM-00149,PNB,Mumbai,19.16493,72.91863
ATM-00150,SBI,Mumbai,19.09971,72.92394
ATM-00151,BOB,Mumbai,19.06627,72.79551
ATM-00152,Kotak,Mumbai,18.95687,72.84509
ATM-00153,Axis,Mumbai,19.18943,72.889
ATM-00154,Axis,Mumbai,18.96427,72.96947
ATM-00155,Yes,Mumbai,19.04158,72.75796
ATM-00156,Axis,Mumbai,18.97613,72.82464
ATM-00157,HDFC,Mumbai,19.01556,72.944
ATM-00158,Yes,Mumbai,19.0194,72.77924
ATM-00159,PNB,Mumbai,19.09683,72.85225
ATM-00160,Union,Mumbai,19.02902,72.81357
ATM-00161,ICICI,Mumbai,19.18583,72.96248
ATM-00162,Union,Mumbai,19.11381,72.92954
ATM-00163,BOB,Mumbai,19.04948,72.83597
ATM-00164,ICICI,Mumbai,18.99187,72.9315
ATM-00165,Canara,Mumbai,18.96651,72.95817
ATM-00166,Canara,Mumbai,19.10656,72.93382
ATM-00167,Canara,Mumbai,18.98943,72.8834
ATM-00168,SBI,Mumbai,19.09244,72.9528
ATM-00169,Axis,Mumbai,19.15434,72.89787
ATM-00170,Kotak,Mumbai,18.97642,72.76775
ATM-00171,BOB,Mumbai,19.18628,72.84809
ATM-00172,Canara,Mumbai,19.09005,72.90836
ATM-00173,SBI,Mumbai,19.11936,72.87513
ATM-00174,Canara,Mumbai,19.06567,72.77453
ATM-00175,Canara,Mumbai,19.17149,72.77977
ATM-00176,PNB,Mumbai,18.97185,72.93453
ATM-00177,Axis,Mumbai,19.15021,72.96077
ATM-00178,BOB,Mumbai,19.13104,72.80695
ATM-00179,BOB,Mumbai,19.07455,72.84951
ATM-00180,SBI,Mumbai,19.17451,72.82666
ATM-00181,HDFC,Mumbai,19.10407,72.91196
ATM-00182,PNB,Mumbai,19.09993,72.83733
ATM-00183,BOB,Mumbai,19.10508,72.78973
ATM-00184,HDFC,Mumbai,18.97056,72.82221
ATM-00185,PNB,Mumbai,19.12212,72.91987
ATM-00186,BOB,Mumbai,19.12613,72.82623
ATM-00187,Canara,Mumbai,19.06792,72.78614
ATM-00188,BOB,Mumbai,19.00382,72.99245
ATM-00189,Canara,Mumbai,18.9602,72.86785
ATM-00190,PNB,Mumbai,19.18835,72.86557
ATM-00191,Axis,Mumbai,19.04884,72.97767
ATM-00192,Canara,Mumbai,18.97391,72.77937
ATM-00193,Union,Mumbai,19.01883,72.84399
ATM-00194,HDFC,Mumbai,19.15285,72.8798
ATM-00195,BOB,Mumbai,19.1248,72.81323
ATM-00196,BOB,Mumbai,19.05058,72.79588
ATM-00197,ICICI,Mumbai,19.11958,72.855
ATM-00198,HDFC,Mumbai,19.05588,72.84797
ATM-00199,Kotak,Mumbai,19.15766,72.75812
ATM-00200,Axis,Mumbai,19.15739,72.78651
ATM-00201,PNB,Mumbai,19.12713,72.97408
ATM-00202,Yes,Mumbai,19.01677,72.77329
ATM-00203,Kotak,Mumbai,19.19571,72.8991
ATM-00204,SBI,Mumbai,19.1781,72.93906
ATM-00205,PNB,Mumbai,19.02335,72.77009
ATM-00206,PNB,Mumbai,19.10839,72.79344
ATM-00207,Kotak,Mumbai,19.0607,72.83344
ATM-00208,SBI,Mumbai,19.14443,72.86036
ATM-00209,Canara,Mumbai,19.15087,72.90911
ATM-00210,SBI,Mumbai,19.08781,72.9304
ATM-00211,Union,Mumbai,19.18003,72.85631
ATM-00212,PNB,Mumbai,19.13664,72.91238
ATM-00213,Canara,Mumbai,19.07254,72.97656
ATM-00214,Kotak,Mumbai,18.98655,72.87102
ATM-00215,PNB,Mumbai,19.02362,72.81908
ATM-00216,BOB,Mumbai,19.05349,72.81498
ATM-00217,ICICI,Mumbai,19.08976,72.85235
ATM-00218,Canara,Mumbai,19.11037,72.77574
ATM-00219,Axis,Mumbai,19.17343,72.877
ATM-00220,BOB,Mumbai,19.06472,72.83758
ATM-00221,Axis,Mumbai,19.05858,72.88917
ATM-00222,HDFC,Mumbai,18.97777,72.83977
ATM-00223,Union,Mumbai,19.03263,72.84609
ATM-00224,Yes,Mumbai,19.00451,72.76252
ATM-00225,Axis,Mumbai,19.04788,72.9367
ATM-00226,SBI,Mumbai,19.04645,72.83887
ATM-00227,Kotak,Mumbai,19.07556,72.89553
ATM-00228,Axis,Mumbai,18.98621,72.87851
ATM-00229,Yes,Mumbai,18.97822,72.97293
ATM-00230,PNB,Mumbai,19.05194,72.86471
ATM-00231,SBI,Mumbai,19.15968,72.96719
ATM-00232,BOB,Mumbai,18.98654,72.85975
ATM-00233,HDFC,Mumbai,19.18839,72.87526
ATM-00234,Canara,Mumbai,19.04997,72.98014
ATM-00235,Axis,Mumbai,19.16131,72.99104
ATM-00236,ICICI,Mumbai,19.14395,72.81141
ATM-00237,BOB,Mumbai,19.08137,72.9214
ATM-00238,SBI,Mumbai,18.9764,72.94415
ATM-00239,SBI,Mumbai,19.14375,72.81352
ATM-00240,ICICI,Mumbai,19.11092,72.83061
ATM-00241,Yes,Mumbai,19.10635,72.88448
ATM-00242,HDFC,Mumbai,19.12366,72.78461
ATM-00243,Axis,Mumbai,19.02808,72.98415
ATM-00244,Union,Mumbai,19.04914,72.81136
ATM-00245,BOB,Mumbai,18.95628,72.88669
ATM-00246,Axis,Mumbai,19.02286,72.83363
ATM-00247,Axis,Mumbai,19.07007,72.81404
ATM-00248,PNB,Mumbai,18.96303,72.85653
ATM-00249,Yes,Mumbai,18.96927,72.80429
ATM-00250,Yes,Mumbai,18.97546,72.81238
ATM-00251,SBI,Mumbai,19.17804,72.81213
ATM-00252,Kotak,Mumbai,19.123,72.9301
ATM-00253,PNB,Mumbai,19.11982,72.80524
ATM-00254,Axis,Mumbai,19.13339,72.87887
ATM-00255,Axis,Mumbai,19.07497,72.8058
ATM-00256,PNB,Mumbai,19.01139,72.81085
ATM-00257,Union,Mumbai,18.98216,72.90736
ATM-00258,Yes,Mumbai,19.00096,72.8113
ATM-00259,Union,Mumbai,19.1745,72.77124
ATM-00260,Axis,Mumbai,18.99113,72.85213
ATM-00261,Yes,Mumbai,18.96167,72.90077
ATM-00262,Yes,Mumbai,18.96844,72.77213
ATM-00263,Kotak,Mumbai,19.06391,72.92859
ATM-00264,ICICI,Mumbai,19.13185,72.99711
ATM-00265,Canara,Mumbai,19.03502,72.80222
ATM-00266,Yes,Mumbai,19.13511,72.76535
ATM-00267,BOB,Mumbai,19.15739,72.9941
ATM-00268,PNB,Mumbai,18.99662,72.75839
ATM-00269,HDFC,Mumbai,18.97538,72.85854
ATM-00270,Yes,Mumbai,19.09067,72.93981
ATM-00271,Yes,Mumbai,19.04159,72.95488
ATM-00272,Axis,Mumbai,18.97706,72.92696
ATM-00273,Axis,Mumbai,19.04545,72.97838
ATM-00274,BOB,Mumbai,19.03359,72.93466
ATM-00275,Yes,Mumbai,18.96327,72.85629
ATM-00276,HDFC,Mumbai,18.96576,72.76607
ATM-00277,Axis,Mumbai,19.1488,72.77258
ATM-00278,Kotak,Mumbai,19.13535,72.97335
ATM-00279,Union,Mumbai,19.04311,72.83809
ATM-00280,Kotak,Mumbai,18.96646,72.93685
ATM-00281,Union,Mumbai,19.17781,72.82908
ATM-00282,HDFC,Mumbai,19.17595,72.90986
ATM-00283,BOB,Mumbai,18.96182,72.81383
ATM-00284,Yes,Mumbai,19.12774,72.86948
ATM-00285,BOB,Mumbai,19.14555,72.97695
ATM-00286,SBI,Mumbai,18.98785,72.87687
ATM-00287,ICICI,Mumbai,19.14862,72.93494
ATM-00288,Kotak,Mumbai,19.10174,72.83637
ATM-00289,Union,Mumbai,19.06659,72.94582
ATM-00290,ICICI,Mumbai,18.97496,72.80505
ATM-00291,SBI,Mumbai,19.01535,72.77324
ATM-00292,ICICI,Mumbai,19.07161,72.88841
ATM-00293,HDFC,Mumbai,19.19126,72.96973
ATM-00294,HDFC,Mumbai,19.01957,72.77788
ATM-00295,BOB,Mumbai,19.05705,72.99492
ATM-00296,BOB,Mumbai,18.99757,72.7896
ATM-00297,Canara,Mumbai,19.10487,72.91949
ATM-00298,HDFC,Mumbai,19.15928,72.91716
ATM-00299,PNB,Mumbai,19.14314,72.82824
ATM-00300,PNB,Mumbai,19.09205,72.84721
ATM-00301,Axis,Mumbai,19.00381,72.81708
ATM-00302,Union,Mumbai,19.01252,72.82522
ATM-00303,PNB,Mumbai,19.00118,72.77325
ATM-00304,Axis,Mumbai,19.19419,72.87946
ATM-00305,BOB,Mumbai,19.11191,72.78183
ATM-00306,BOB,Mumbai,19.19383,72.78226
ATM-00307,BOB,Mumbai,19.16788,72.81317
ATM-00308,PNB,Mumbai,19.17545,72.76739
ATM-00309,Union,Mumbai,19.01189,72.76979
ATM-00310,HDFC,Mumbai,19.18951,72.89767
ATM-00311,BOB,Mumbai,19.04534,72.96557
ATM-00312,SBI,Mumbai,19.10073,72.9437
ATM-00313,Union,Mumbai,18.98139,72.90078
ATM-00314,Kotak,Mumbai,19.03993,72.76669
ATM-00315,PNB,Mumbai,18.98993,72.80665
ATM-00316,Axis,Mumbai,18.96518,72.93343
ATM-00317,Yes,Mumbai,19.15154,72.95422
ATM-00318,PNB,Mumbai,19.1188,72.80213
ATM-00319,BOB,Mumbai,18.9747,72.76525
ATM-00320,HDFC,Mumbai,19.08753,72.77289
ATM-00321,ICICI,Mumbai,19.147,72.91707
ATM-00322,ICICI,Mumbai,19.1094,72.77958
ATM-00323,PNB,Mumbai,19.05147,72.82278
ATM-00324,SBI,Mumbai,19.11627,72.85798
ATM-00325,Kotak,Mumbai,19.03097,72.89366
ATM-00326,Kotak,Mumbai,19.05538,72.76207
ATM-00327,Yes,Mumbai,19.11067,72.85148
ATM-00328,ICICI,Mumbai,19.00488,72.75911
ATM-00329,Yes,Mumbai,19.0577,72.95459
ATM-00330,ICICI,Mumbai,19.09467,72.84523
ATM-00331,ICICI,Mumbai,18.98719,72.77011
ATM-00332,HDFC,Mumbai,19.10976,72.97605
ATM-00333,Canara,Mumbai,19.09349,72.98023
ATM-00334,ICICI,Mumbai,18.9972,72.84121
ATM-00335,HDFC,Mumbai,19.08108,72.97982
ATM-00336,Axis,Mumbai,19.0481,72.93855
ATM-00337,SBI,Delhi,28.65649,77.18345
ATM-00338,SBI,Delhi,28.81823,77.09836
ATM-00339,HDFC,Delhi,28.72993,77.13523
ATM-00340,ICICI,Delhi,28.80111,77.13138
ATM-00341,Union,Delhi,28.73778,77.18808
ATM-00342,BOB,Delhi,28.68118,77.18562
ATM-00343,Yes,Delhi,28.62801,77.03485
ATM-00344,Kotak,Delhi,28.80935,77.02005
ATM-00345,Axis,Delhi,28.61363,77.04179
ATM-00346,SBI,Delhi,28.59396,77.11746
ATM-00347,Yes,Delhi,28.7444,77.06031
ATM-00348,PNB,Delhi,28.72798,77.11451
ATM-00349,Axis,Delhi,28.73987,77.05647
ATM-00350,BOB,Delhi,28.68628,77.14062
ATM-00351,SBI,Delhi,28.70496,77.0254
ATM-00352,Axis,Delhi,28.73263,77.09998
ATM-00353,BOB,Delhi,28.69134,77.13096
ATM-00354,Yes,Delhi,28.78487,77.17703
ATM-00355,Yes,Delhi,28.6098,77.01333
ATM-00356,Canara,Delhi,28.67178,77.17505
ATM-00357,ICICI,Delhi,28.70654,76.99228
ATM-00358,Canara,Delhi,28.60384,77.15854
ATM-00359,Yes,Delhi,28.60329,77.16299
ATM-00360,SBI,Delhi,28.74076,77.17072
ATM-00361,HDFC,Delhi,28.7898,77.22157
ATM-00362,BOB,Delhi,28.63059,77.21811
ATM-00363,ICICI,Delhi,28.65319,77.17714
ATM-00364,Axis,Delhi,28.74877,77.15556
ATM-00365,PNB,Delhi,28.59982,77.06672
ATM-00366,PNB,Delhi,28.6222,77.19767
ATM-00367,PNB,Delhi,28.80131,77.09204
ATM-00368,Axis,Delhi,28.70463,77.20328
ATM-00369,Axis,Delhi,28.72615,77.13031
ATM-00370,ICICI,Delhi,28.66068,76.99134
ATM-00371,PNB,Delhi,28.68093,77.13528
ATM-00372,ICICI,Delhi,28.74722,77.1974
ATM-00373,Canara,Delhi,28.77421,77.04594
ATM-00374,BOB,Delhi,28.59576,77.18849
ATM-00375,HDFC,Delhi,28.71734,77.12171
ATM-00376,Yes,Delhi,28.64459,77.11107
ATM-00377,Yes,Delhi,28.7612,77.07165
ATM-00378,Kotak,Delhi,28.82182,77.12107
ATM-00379,Axis,Delhi,28.6635,77.00203
ATM-00380,SBI,Delhi,28.62652,77.16096
ATM-00381,PNB,Delhi,28.65523,77.10637
ATM-00382,Union,Delhi,28.73752,77.21867
ATM-00383,SBI,Delhi,28.80693,77.19747
ATM-00384,PNB,Delhi,28.76341,77.03569
ATM-00385,Canara,Delhi,28.73195,77.08624
ATM-00386,BOB,Delhi,28.67148,76.99397
ATM-00387,SBI,Delhi,28.63864,77.13925
ATM-00388,PNB,Delhi,28.59715,77.11861
ATM-00389,Axis,Delhi,28.60963,77.06822
ATM-00390,ICICI,Delhi,28.68328,77.05478
ATM-00391,BOB,Delhi,28.6331,77.13224
ATM-00392,Axis,Delhi,28.62217,76.98589
ATM-00393,HDFC,Delhi,28.75389,77.0907
ATM-00394,PNB,Delhi,28.73727,77.19161
ATM-00395,SBI,Delhi,28.68057,77.04592
ATM-00396,Kotak,Delhi,28.59757,77.17951
ATM-00397,Union,Delhi,28.72683,77.12133
ATM-00398,Axis,Delhi,28.80902,77.15855
ATM-00399,SBI,Delhi,28.62372,76.9826
ATM-00400,Axis,Delhi,28.71167,77.07994
ATM-00401,HDFC,Delhi,28.62231,77.20132
ATM-00402,Axis,Delhi,28.58706,77.11472
ATM-00403,Union,Delhi,28.61824,77.03038
ATM-00404,Yes,Delhi,28.73835,77.13792
ATM-00405,PNB,Delhi,28.77931,77.02441
ATM-00406,BOB,Delhi,28.5994,77.13273
ATM-00407,Yes,Delhi,28.7558,76.98402
ATM-00408,BOB,Delhi,28.76294,77.09416
ATM-00409,PNB,Delhi,28.62619,77.22169
ATM-00410,Kotak,Delhi,28.63985,76.99182
ATM-00411,PNB,Delhi,28.79801,77.20454
ATM-00412,Canara,Delhi,28.7549,77.04634
ATM-00413,Canara,Delhi,28.74712,77.14708
ATM-00414,Axis,Delhi,28.81735,77.05345
ATM-00415,ICICI,Delhi,28.6046,77.10428
ATM-00416,Axis,Delhi,28.64659,77.03917
ATM-00417,Kotak,Delhi,28.81083,77.16158
ATM-00418,Union,Delhi,28.63016,77.07579
ATM-00419,Canara,Delhi,28.6415,77.20032
ATM-00420,SBI,Delhi,28.69678,77.18403
ATM-00421,Axis,Delhi,28.78991,77.08743
ATM-00422,Axis,Delhi,28.72098,77.05636
ATM-00423,Union,Delhi,28.67808,77.12298
ATM-00424,SBI,Delhi,28.80269,77.0172
ATM-00425,ICICI,Delhi,28.61095,77.13177
ATM-00426,SBI,Delhi,28.66687,77.01654
ATM-00427,SBI,Delhi,28.59151,77.01572
ATM-00428,HDFC,Delhi,28.75138,77.15933
ATM-00429,Axis,Delhi,28.78966,77.16532
ATM-00430,HDFC,Delhi,28.78031,77.1792
ATM-00431,Yes,Delhi,28.79523,77.16389
ATM-00432,HDFC,Delhi,28.60981,77.03187
ATM-00433,HDFC,Delhi,28.59223,77.21032
ATM-00434,PNB,Delhi,28.78211,77.13407
ATM-00435,Axis,Delhi,28.69861,77.01434
ATM-00436,PNB,Delhi,28.65477,77.06326
ATM-00437,PNB,Delhi,28.58912,77.04411
ATM-00438,Kotak,Delhi,28.59572,77.16486
ATM-00439,BOB,Delhi,28.76872,77.12698
ATM-00440,SBI,Delhi,28.78843,77.13089
ATM-00441,Canara,Delhi,28.77347,76.99
ATM-00442,SBI,Delhi,28.76963,77.06573
ATM-00443,HDFC,Delhi,28.71319,77.03448
ATM-00444,Yes,Delhi,28.72199,77.05141
ATM-00445,SBI,Delhi,28.58441,77.03099
ATM-00446,BOB,Delhi,28.58515,77.1003
ATM-00447,BOB,Delhi,28.75095,77.18058
ATM-00448,Canara,Delhi,28.72631,77.21223
ATM-00449,PNB,Delhi,28.64664,77.20903
ATM-00450,Axis,Delhi,28.77976,77.20769
ATM-00451,HDFC,Delhi,28.7037,77.00888
ATM-00452,Canara,Delhi,28.70177,77.22037
ATM-00453,Kotak,Delhi,28.77296,77.1332
ATM-00454,HDFC,Delhi,28.60694,77.20534
ATM-00455,Kotak,Delhi,28.68541,77.13751
ATM-00456,Canara,Delhi,28.63357,77.04567
ATM-00457,Axis,Delhi,28.70439,77.07353
ATM-00458,Union,Delhi,28.81064,77.01295
ATM-00459,SBI,Delhi,28.76517,77.16322
ATM-00460,ICICI,Delhi,28.66774,77.0609
ATM-00461,Canara,Delhi,28.79242,77.09057
ATM-00462,BOB,Delhi,28.76218,77.02319
ATM-00463,Axis,Delhi,28.74947,77.04423
ATM-00464,Axis,Delhi,28.61435,77.09338
ATM-00465,Union,Delhi,28.70595,77.0467
ATM-00466,Axis,Delhi,28.6212,77.01994
ATM-00467,Kotak,Delhi,28.75766,77.12719
ATM-00468,Axis,Delhi,28.62272,77.06124
ATM-00469,HDFC,Delhi,28.64619,77.21169
ATM-00470,Axis,Delhi,28.6236,77.1404
ATM-00471,PNB,Delhi,28.67632,77.21862
ATM-00472,Axis,Delhi,28.76009,77.08688
ATM-00473,PNB,Delhi,28.61033,77.20124
ATM-00474,SBI,Delhi,28.63365,77.0757
ATM-00475,Yes,Delhi,28.58713,77.18754
ATM-00476,PNB,Delhi,28.75053,77.10262
ATM-00477,Union,Delhi,28.69529,77.01654
ATM-00478,Axis,Delhi,28.76128,76.98382
ATM-00479,Union,Delhi,28.80202,77.08571
ATM-00480,Axis,Delhi,28.72508,77.13783
ATM-00481,Union,Delhi,28.74439,77.1391
ATM-00482,HDFC,Delhi,28.78869,77.1456
ATM-00483,HDFC,Delhi,28.69304,77.05762
ATM-00484,Yes,Delhi,28.79884,77.04068
ATM-00485,PNB,Delhi,28.75526,77.13361
ATM-00486,SBI,Delhi,28.78797,77.09836
ATM-00487,ICICI,Delhi,28.73328,77.08074
ATM-00488,SBI,Delhi,28.79878,77.06123
ATM-00489,HDFC,Delhi,28.67739,77.10006
ATM-00490,ICICI,Delhi,28.59325,77.11291
ATM-00491,Axis,Delhi,28.75599,77.21082
ATM-00492,Union,Delhi,28.70871,77.00676
ATM-00493,BOB,Delhi,28.69373,77.0317
ATM-00494,Kotak,Delhi,28.70703,77.13592
ATM-00495,BOB,Delhi,28.70931,77.08098
ATM-00496,Yes,Delhi,28.63452,77.14675
ATM-00497,Union,Delhi,28.70741,77.20635
ATM-00498,PNB,Delhi,28.66941,76.99609
ATM-00499,HDFC,Delhi,28.67574,76.99726
ATM-00500,Kotak,Delhi,28.68456,77.08343
ATM-00501,PNB,Delhi,28.72334,77.00872
ATM-00502,Canara,Delhi,28.76205,77.20808
ATM-00503,Yes,Delhi,28.81726,77.22112
ATM-00504,HDFC,Delhi,28.69501,77.02199
ATM-00505,BOB,Delhi,28.7784,77.13473
ATM-00506,ICICI,Delhi,28.73823,77.15547
ATM-00507,Yes,Delhi,28.66885,77.13581
ATM-00508,Canara,Delhi,28.69644,77.05314
ATM-00509,BOB,Delhi,28.74001,77.16966
ATM-00510,PNB,Delhi,28.66924,77.18666
ATM-00511,Yes,Delhi,28.75311,77.14749
ATM-00512,PNB,Delhi,28.74702,77.09808
ATM-00513,Kotak,Delhi,28.67001,77.13956
ATM-00514,HDFC,Delhi,28.69919,77.08534
ATM-00515,PNB,Delhi,28.74232,77.06948
ATM-00516,Union,Delhi,28.78917,76.9962
ATM-00517,ICICI,Delhi,28.80149,77.17067
ATM-00518,Union,Delhi,28.71146,77.06534
ATM-00519,HDFC,Delhi,28.5877,76.98525
ATM-00520,HDFC,Delhi,28.74153,77.04251
ATM-00521,ICICI,Delhi,28.72294,77.1875
ATM-00522,ICICI,Delhi,28.77041,77.06565
ATM-00523,Canara,Delhi,28.63415,77.0791
ATM-00524,Union,Delhi,28.6244,77.19637
ATM-00525,Canara,Delhi,28.81862,77.0042
ATM-00526,Axis,Delhi,28.77324,77.18381
ATM-00527,HDFC,Delhi,28.70277,77.03364
ATM-00528,HDFC,Delhi,28.76216,77.08776
ATM-00529,Axis,Bengaluru,12.98482,77.53808
ATM-00530,Canara,Bengaluru,13.05009,77.58818
ATM-00531,ICICI,Bengaluru,12.86563,77.5867
ATM-00532,ICICI,Bengaluru,13.0197,77.53378
ATM-00533,SBI,Bengaluru,12.98109,77.68169
ATM-00534,Union,Bengaluru,12.89009,77.55156
ATM-00535,BOB,Bengaluru,12.97103,77.54584
ATM-00536,HDFC,Bengaluru,12.94159,77.57512
ATM-00537,SBI,Bengaluru,12.89492,77.56109
ATM-00538,Kotak,Bengaluru,12.85653,77.48561
ATM-00539,BOB,Bengaluru,13.04566,77.49715
ATM-00540,SBI,Bengaluru,12.96792,77.69001
ATM-00541,ICICI,Bengaluru,12.90281,77.57434
ATM-00542,Kotak,Bengaluru,12.93287,77.68141
ATM-00543,Canara,Bengaluru,12.93351,77.66145
ATM-00544,Yes,Bengaluru,13.03654,77.52517
ATM-00545,SBI,Bengaluru,12.93367,77.53498
ATM-00546,BOB,Bengaluru,13.05001,77.54489
ATM-00547,PNB,Bengaluru,12.9485,77.5955
ATM-00548,Axis,Bengaluru,13.06111,77.55735
ATM-00549,Kotak,Bengaluru,13.00869,77.66467
ATM-00550,ICICI,Bengaluru,12.89775,77.64576
ATM-00551,SBI,Bengaluru,12.99235,77.62696
ATM-00552,Yes,Bengaluru,12.94733,77.60763
ATM-00553,PNB,Bengaluru,12.9825,77.48653
ATM-00554,BOB,Bengaluru,12.87764,77.48574
ATM-00555,Canara,Bengaluru,12.99768,77.63252
ATM-00556,Union,Bengaluru,13.06996,77.62142
ATM-00557,Union,Bengaluru,12.88689,77.63629
ATM-00558,SBI,Bengaluru,13.06192,77.49452
ATM-00559,ICICI,Bengaluru,13.01168,77.58449
ATM-00560,SBI,Bengaluru,12.87593,77.51811
ATM-00561,SBI,Bengaluru,12.95278,77.49875
ATM-00562,PNB,Bengaluru,12.94013,77.67203
ATM-00563,PNB,Bengaluru,12.9865,77.53652
ATM-00564,SBI,Bengaluru,12.89595,77.48282
ATM-00565,SBI,Bengaluru,12.95496,77.62862
ATM-00566,HDFC,Bengaluru,12.97106,77.59992
ATM-00567,Yes,Bengaluru,13.03731,77.57566
ATM-00568,Yes,Bengaluru,12.95875,77.47799
ATM-00569,ICICI,Bengaluru,12.99413,77.71295
ATM-00570,HDFC,Bengaluru,12.96571,77.57358
ATM-00571,ICICI,Bengaluru,12.8715,77.58793
ATM-00572,SBI,Bengaluru,13.00205,77.57708
ATM-00573,HDFC,Bengaluru,13.0157,77.5038
ATM-00574,BOB,Bengaluru,12.90398,77.50372
ATM-00575,Axis,Bengaluru,12.85587,77.64724
ATM-00576,SBI,Bengaluru,12.95979,77.65321
ATM-00577,ICICI,Bengaluru,12.93941,77.65394
ATM-00578,Canara,Bengaluru,13.02673,77.49483
ATM-00579,PNB,Bengaluru,13.02182,77.58514
ATM-00580,SBI,Bengaluru,13.07085,77.48724
ATM-00581,Union,Bengaluru,12.85434,77.47814
ATM-00582,Union,Bengaluru,12.87072,77.54926
ATM-00583,BOB,Bengaluru,12.89144,77.68123
ATM-00584,Union,Bengaluru,12.99775,77.55051
ATM-00585,ICICI,Bengaluru,13.02626,77.58735
ATM-00586,Kotak,Bengaluru,12.88638,77.66597
ATM-00587,Yes,Bengaluru,13.08053,77.51397
ATM-00588,BOB,Bengaluru,12.96607,77.66134
ATM-00589,Union,Bengaluru,13.07838,77.66291
ATM-00590,Union,Bengaluru,12.93173,77.54178
ATM-00591,Union,Bengaluru,13.08535,77.64338
ATM-00592,SBI,Bengaluru,12.93129,77.62
ATM-00593,PNB,Bengaluru,13.05111,77.61887
ATM-00594,Axis,Bengaluru,12.99192,77.70893
ATM-00595,Union,Bengaluru,12.942,77.63896
ATM-00596,BOB,Bengaluru,13.03675,77.53084
ATM-00597,PNB,Bengaluru,12.91959,77.475
ATM-00598,SBI,Bengaluru,12.91593,77.51235
ATM-00599,Union,Bengaluru,12.92085,77.50836
ATM-00600,Canara,Bengaluru,12.88688,77.70869
ATM-00601,Kotak,Bengaluru,13.01591,77.6939
ATM-00602,BOB,Bengaluru,12.97989,77.6042
ATM-00603,Axis,Bengaluru,13.04297,77.5227
ATM-00604,Yes,Bengaluru,12.92587,77.48841
ATM-00605,PNB,Bengaluru,12.96328,77.52418
ATM-00606,Yes,Bengaluru,12.99233,77.47685
ATM-00607,Kotak,Bengaluru,12.96193,77.49565
ATM-00608,Union,Bengaluru,13.03692,77.53049
ATM-00609,Canara,Bengaluru,12.97665,77.53689
ATM-00610,Axis,Bengaluru,12.92864,77.59608
ATM-00611,ICICI,Bengaluru,12.897,77.52076
ATM-00612,Union,Bengaluru,13.04501,77.54415
ATM-00613,Canara,Bengaluru,12.98706,77.5712
ATM-00614,BOB,Bengaluru,13.05727,77.53371
ATM-00615,BOB,Bengaluru,12.94137,77.50007
ATM-00616,Union,Bengaluru,13.04056,77.51208
ATM-00617,Union,Bengaluru,12.85889,77.54193
ATM-00618,Union,Bengaluru,12.85654,77.48266
ATM-00619,PNB,Bengaluru,12.96832,77.61072
ATM-00620,HDFC,Bengaluru,13.07372,77.54176
ATM-00621,Union,Bengaluru,13.07876,77.65874
ATM-00622,SBI,Bengaluru,13.08283,77.53556
ATM-00623,Yes,Bengaluru,12.93292,77.71331
ATM-00624,Canara,Bengaluru,12.87168,77.48684
ATM-00625,BOB,Bengaluru,12.94031,77.64394
ATM-00626,HDFC,Bengaluru,13.07893,77.69298
ATM-00627,HDFC,Bengaluru,13.05871,77.62816
ATM-00628,Kotak,Bengaluru,13.02113,77.49619
ATM-00629,Canara,Bengaluru,12.98707,77.62835
ATM-00630,ICICI,Bengaluru,12.94595,77.5822
ATM-00631,Axis,Bengaluru,12.94062,77.53103
ATM-00632,Kotak,Bengaluru,12.89291,77.70061
ATM-00633,SBI,Bengaluru,12.86583,77.60728
ATM-00634,Canara,Bengaluru,13.05253,77.48589
ATM-00635,BOB,Bengaluru,13.02191,77.6298
ATM-00636,SBI,Bengaluru,12.86498,77.50935
ATM-00637,PNB,Bengaluru,13.07705,77.63705
ATM-00638,HDFC,Bengaluru,12.99315,77.58051
ATM-00639,Yes,Bengaluru,12.96457,77.56381
ATM-00640,ICICI,Bengaluru,12.88139,77.59012
ATM-00641,SBI,Bengaluru,12.95753,77.66841
ATM-00642,SBI,Bengaluru,12.9639,77.69362
ATM-00643,HDFC,Bengaluru,12.88927,77.67448
ATM-00644,ICICI,Bengaluru,13.07575,77.68262
ATM-00645,Yes,Bengaluru,13.0384,77.70451
ATM-00646,BOB,Bengaluru,13.05374,77.62541
ATM-00647,Axis,Bengaluru,13.08495,77.55202
ATM-00648,ICICI,Bengaluru,12.96621,77.62536
ATM-00649,ICICI,Bengaluru,12.93127,77.65126
ATM-00650,ICICI,Bengaluru,13.02289,77.60741
ATM-00651,Yes,Bengaluru,12.95695,77.51045
ATM-00652,PNB,Bengaluru,12.95043,77.51196
ATM-00653,ICICI,Bengaluru,12.98864,77.54577
ATM-00654,BOB,Bengaluru,12.91416,77.50082
ATM-00655,Canara,Bengaluru,13.06836,77.502
ATM-00656,Axis,Bengaluru,12.86524,77.68941
ATM-00657,HDFC,Bengaluru,12.98599,77.67507
ATM-00658,Kotak,Bengaluru,12.91347,77.52299
ATM-00659,Axis,Bengaluru,12.95529,77.53737
ATM-00660,PNB,Bengaluru,13.07362,77.49802
ATM-00661,PNB,Bengaluru,12.95135,77.51353
ATM-00662,BOB,Bengaluru,12.88624,77.62815
ATM-00663,ICICI,Bengaluru,13.04529,77.55642
ATM-00664,Canara,Bengaluru,12.95792,77.6641
ATM-00665,SBI,Bengaluru,12.92033,77.56102
ATM-00666,Union,Bengaluru,13.07048,77.52698
ATM-00667,Canara,Bengaluru,12.89496,77.67701
ATM-00668,Axis,Bengaluru,13.03651,77.64539
ATM-00669,Union,Bengaluru,12.99576,77.67355
ATM-00670,ICICI,Bengaluru,13.027,77.65731
ATM-00671,Axis,Bengaluru,12.90105,77.62158
ATM-00672,HDFC,Bengaluru,12.9915,77.52315
ATM-00673,SBI,Bengaluru,13.01774,77.59929
ATM-00674,PNB,Bengaluru,12.97603,77.55803
ATM-00675,BOB,Bengaluru,13.05366,77.68208
ATM-00676,BOB,Bengaluru,12.87328,77.57288
ATM-00677,Axis,Bengaluru,12.88359,77.63432
ATM-00678,Kotak,Bengaluru,12.89625,77.67419
ATM-00679,Union,Bengaluru,12.8604,77.64314
ATM-00680,Canara,Bengaluru,12.99437,77.47571
ATM-00681,HDFC,Bengaluru,13.07531,77.7071
ATM-00682,Kotak,Bengaluru,12.88059,77.6461
ATM-00683,Union,Bengaluru,13.03859,77.68294
ATM-00684,HDFC,Bengaluru,13.03192,77.48929
ATM-00685,Canara,Bengaluru,13.08057,77.59335
ATM-00686,ICICI,Bengaluru,12.85775,77.66768
ATM-00687,Axis,Bengaluru,12.85657,77.70678
ATM-00688,PNB,Bengaluru,13.00018,77.51489
ATM-00689,SBI,Bengaluru,12.91171,77.67072
ATM-00690,Axis,Bengaluru,12.85627,77.69691
ATM-00691,Union,Bengaluru,12.91434,77.67556
ATM-00692,BOB,Bengaluru,12.96295,77.53181
ATM-00693,ICICI,Bengaluru,12.87629,77.68329
ATM-00694,BOB,Bengaluru,12.86244,77.50413
ATM-00695,HDFC,Bengaluru,12.99222,77.65736
ATM-00696,ICICI,Bengaluru,12.88089,77.57196
ATM-00697,Axis,Hyderabad,17.39498,78.42128
ATM-00698,Yes,Hyderabad,17.30033,78.50418
ATM-00699,Yes,Hyderabad,17.30444,78.56494
ATM-00700,Union,Hyderabad,17.43153,78.50999
ATM-00701,SBI,Hyderabad,17.39115,78.46165
ATM-00702,Axis,Hyderabad,17.45146,78.44795
ATM-00703,Union,Hyderabad,17.46626,78.53843
ATM-00704,Yes,Hyderabad,17.45805,78.58576
ATM-00705,Canara,Hyderabad,17.46843,78.37955
ATM-00706,Kotak,Hyderabad,17.30019,78.52994
ATM-00707,SBI,Hyderabad,17.32483,78.46801
ATM-00708,HDFC,Hyderabad,17.35246,78.49409
ATM-00709,SBI,Hyderabad,17.34284,78.41489
ATM-00710,Yes,Hyderabad,17.31911,78.46767
ATM-00711,SBI,Hyderabad,17.45138,78.59156
ATM-00712,SBI,Hyderabad,17.45922,78.57895
ATM-00713,PNB,Hyderabad,17.27325,78.52068
ATM-00714,Canara,Hyderabad,17.4853,78.51633
ATM-00715,HDFC,Hyderabad,17.45852,78.37529
ATM-00716,Yes,Hyderabad,17.32514,78.49157
ATM-00717,HDFC,Hyderabad,17.3218,78.37616
ATM-00718,HDFC,Hyderabad,17.3383,78.5221
ATM-00719,Canara,Hyderabad,17.27948,78.59688
ATM-00720,Union,Hyderabad,17.48134,78.38697
ATM-00721,HDFC,Hyderabad,17.39312,78.40232
ATM-00722,Yes,Hyderabad,17.38779,78.57915
ATM-00723,HDFC,Hyderabad,17.40356,78.43249
ATM-00724,BOB,Hyderabad,17.4427,78.43562
ATM-00725,Yes,Hyderabad,17.41139,78.50354
ATM-00726,BOB,Hyderabad,17.31329,78.53719
ATM-00727,BOB,Hyderabad,17.47903,78.43959
ATM-00728,Axis,Hyderabad,17.37755,78.44122
ATM-00729,Canara,Hyderabad,17.34508,78.41201
ATM-00730,SBI,Hyderabad,17.35696,78.50726
ATM-00731,Axis,Hyderabad,17.48681,78.40565
ATM-00732,PNB,Hyderabad,17.34275,78.44481
ATM-00733,PNB,Hyderabad,17.33336,78.6037
ATM-00734,Canara,Hyderabad,17.27866,78.37193
ATM-00735,BOB,Hyderabad,17.28103,78.57581
ATM-00736,BOB,Hyderabad,17.42285,78.49078
ATM-00737,Canara,Hyderabad,17.34999,78.54978
ATM-00738,ICICI,Hyderabad,17.31904,78.59693
ATM-00739,ICICI,Hyderabad,17.36502,78.52708
ATM-00740,PNB,Hyderabad,17.42708,78.51461
ATM-00741,BOB,Hyderabad,17.46209,78.49096
ATM-00742,ICICI,Hyderabad,17.32948,78.51806
ATM-00743,Yes,Hyderabad,17.36413,78.39151
ATM-00744,BOB,Hyderabad,17.44876,78.5073
ATM-00745,ICICI,Hyderabad,17.3604,78.605
ATM-00746,Union,Hyderabad,17.3653,78.55478
ATM-00747,BOB,Hyderabad,17.41076,78.45779
ATM-00748,Kotak,Hyderabad,17.43123,78.43584
ATM-00749,Canara,Hyderabad,17.3353,78.46046
ATM-00750,SBI,Hyderabad,17.4079,78.52227
ATM-00751,BOB,Hyderabad,17.4539,78.5706
ATM-00752,Canara,Hyderabad,17.35636,78.43871
ATM-00753,Union,Hyderabad,17.33797,78.4015
ATM-00754,Kotak,Hyderabad,17.35548,78.42236
ATM-00755,Axis,Hyderabad,17.34273,78.56911
ATM-00756,Yes,Hyderabad,17.4951,78.41573
ATM-00757,SBI,Hyderabad,17.4789,78.59612
ATM-00758,BOB,Hyderabad,17.27639,78.50228
ATM-00759,PNB,Hyderabad,17.33696,78.49545
ATM-00760,Canara,Hyderabad,17.39424,78.6063
ATM-00761,Yes,Hyderabad,17.46316,78.54121
ATM-00762,Union,Hyderabad,17.35848,78.45255
ATM-00763,SBI,Hyderabad,17.42729,78.47544
ATM-00764,HDFC,Hyderabad,17.42735,78.49276
ATM-00765,Canara,Hyderabad,17.36328,78.48692
ATM-00766,Axis,Hyderabad,17.48782,78.40371
ATM-00767,BOB,Hyderabad,17.49647,78.48351
ATM-00768,Union,Hyderabad,17.44916,78.5825
ATM-00769,HDFC,Hyderabad,17.34739,78.49393
ATM-00770,HDFC,Hyderabad,17.30597,78.44304
ATM-00771,HDFC,Hyderabad,17.46325,78.48972
ATM-00772,Kotak,Hyderabad,17.42242,78.43748
ATM-00773,Yes,Hyderabad,17.46193,78.60436
ATM-00774,Canara,Hyderabad,17.41646,78.49247
ATM-00775,Yes,Hyderabad,17.31487,78.58105
ATM-00776,Union,Hyderabad,17.30878,78.51792
ATM-00777,SBI,Hyderabad,17.29059,78.50347
ATM-00778,SBI,Hyderabad,17.43102,78.36928
ATM-00779,SBI,Hyderabad,17.33862,78.53247
ATM-00780,HDFC,Hyderabad,17.48509,78.46212
ATM-00781,Axis,Hyderabad,17.40569,78.52705
ATM-00782,Union,Hyderabad,17.30705,78.55125
ATM-00783,Canara,Hyderabad,17.32884,78.52193
ATM-00784,Axis,Hyderabad,17.38844,78.40119
ATM-00785,ICICI,Hyderabad,17.36366,78.39586
ATM-00786,SBI,Hyderabad,17.38942,78.48898
ATM-00787,Canara,Hyderabad,17.28902,78.40763
ATM-00788,Yes,Hyderabad,17.3827,78.4789
ATM-00789,SBI,Hyderabad,17.45858,78.38161
ATM-00790,ICICI,Hyderabad,17.4293,78.50562
ATM-00791,ICICI,Hyderabad,17.43671,78.45162
ATM-00792,Union,Hyderabad,17.27289,78.51759
ATM-00793,Union,Hyderabad,17.28013,78.4127
ATM-00794,Yes,Hyderabad,17.35756,78.37982
ATM-00795,BOB,Hyderabad,17.40484,78.59701
ATM-00796,Axis,Hyderabad,17.2781,78.42389
ATM-00797,ICICI,Hyderabad,17.27555,78.5901
ATM-00798,BOB,Hyderabad,17.34055,78.58243
ATM-00799,BOB,Hyderabad,17.33788,78.51131
ATM-00800,Yes,Hyderabad,17.50009,78.38291
ATM-00801,Yes,Hyderabad,17.42698,78.50706
ATM-00802,BOB,Hyderabad,17.3392,78.57677
ATM-00803,HDFC,Hyderabad,17.27038,78.57507
ATM-00804,ICICI,Hyderabad,17.30663,78.45272
ATM-00805,Yes,Hyderabad,17.26683,78.57845
ATM-00806,Canara,Hyderabad,17.39977,78.39427
ATM-00807,HDFC,Hyderabad,17.47416,78.44731
ATM-00808,Kotak,Hyderabad,17.49569,78.46805
ATM-00809,BOB,Hyderabad,17.39792,78.45967
ATM-00810,SBI,Hyderabad,17.33306,78.42362
ATM-00811,ICICI,Hyderabad,17.33199,78.37277
ATM-00812,Axis,Hyderabad,17.32303,78.39787
ATM-00813,ICICI,Hyderabad,17.32972,78.5671
ATM-00814,Axis,Hyderabad,17.39819,78.47879
ATM-00815,Yes,Hyderabad,17.30321,78.4514
ATM-00816,Axis,Hyderabad,17.35545,78.59672
ATM-00817,Axis,Hyderabad,17.33634,78.48093
ATM-00818,ICICI,Hyderabad,17.31955,78.47535
ATM-00819,Union,Hyderabad,17.4911,78.6062
ATM-00820,Kotak,Hyderabad,17.48091,78.50772
ATM-00821,Canara,Hyderabad,17.39332,78.4637
ATM-00822,HDFC,Hyderabad,17.31601,78.57607
ATM-00823,PNB,Hyderabad,17.42769,78.38865
ATM-00824,SBI,Hyderabad,17.44163,78.55026
ATM-00825,PNB,Hyderabad,17.42281,78.50294
ATM-00826,ICICI,Hyderabad,17.2686,78.53727
ATM-00827,Axis,Hyderabad,17.45127,78.42228
ATM-00828,Canara,Hyderabad,17.42406,78.39285
ATM-00829,PNB,Hyderabad,17.48432,78.55994
ATM-00830,HDFC,Hyderabad,17.31128,78.53919
ATM-00831,Yes,Hyderabad,17.31934,78.39697
ATM-00832,BOB,Hyderabad,17.33277,78.46351
ATM-00833,ICICI,Hyderabad,17.451,78.57856
ATM-00834,Kotak,Hyderabad,17.48982,78.40903
ATM-00835,Kotak,Hyderabad,17.42811,78.52597
ATM-00836,BOB,Hyderabad,17.48027,78.37276
ATM-00837,Kotak,Hyderabad,17.32462,78.56991
ATM-00838,PNB,Hyderabad,17.48245,78.39015
ATM-00839,Axis,Hyderabad,17.29266,78.58574
ATM-00840,SBI,Hyderabad,17.43602,78.37641
ATM-00841,PNB,Hyderabad,17.41105,78.47007
ATM-00842,Canara,Hyderabad,17.30249,78.5439
ATM-00843,ICICI,Hyderabad,17.33962,78.5199
ATM-00844,BOB,Hyderabad,17.40049,78.42134
ATM-00845,Yes,Hyderabad,17.43699,78.42783
ATM-00846,SBI,Hyderabad,17.42583,78.50477
ATM-00847,PNB,Hyderabad,17.29185,78.54999
ATM-00848,Union,Hyderabad,17.48126,78.57673
ATM-00849,Axis,Hyderabad,17.41077,78.37806
ATM-00850,Kotak,Hyderabad,17.42846,78.37561
ATM-00851,HDFC,Hyderabad,17.31543,78.58618
ATM-00852,Union,Hyderabad,17.36514,78.54524
ATM-00853,HDFC,Kolkata,22.6515,88.31138
ATM-00854,BOB,Kolkata,22.53637,88.47181
ATM-00855,BOB,Kolkata,22.67585,88.40989
ATM-00856,Axis,Kolkata,22.57468,88.40628
ATM-00857,ICICI,Kolkata,22.5554,88.36675
ATM-00858,Canara,Kolkata,22.57008,88.28933
ATM-00859,Axis,Kolkata,22.51529,88.37504
ATM-00860,SBI,Kolkata,22.58314,88.30383
ATM-00861,HDFC,Kolkata,22.49293,88.32723
ATM-00862,ICICI,Kolkata,22.50094,88.31843
ATM-00863,BOB,Kolkata,22.6173,88.36065
ATM-00864,Canara,Kolkata,22.50969,88.30191
ATM-00865,Kotak,Kolkata,22.61857,88.27584
ATM-00866,ICICI,Kolkata,22.62013,88.27592
ATM-00867,HDFC,Kolkata,22.59361,88.30169
ATM-00868,ICICI,Kolkata,22.58418,88.42642
ATM-00869,BOB,Kolkata,22.61509,88.28105
ATM-00870,Axis,Kolkata,22.65408,88.34136
ATM-00871,Kotak,Kolkata,22.48007,88.31334
ATM-00872,PNB,Kolkata,22.56939,88.25432
ATM-00873,PNB,Kolkata,22.52554,88.27044
ATM-00874,Kotak,Kolkata,22.56012,88.27102
ATM-00875,PNB,Kolkata,22.55942,88.3805
ATM-00876,SBI,Kolkata,22.49294,88.26114
ATM-00877,BOB,Kolkata,22.56504,88.47906
ATM-00878,Union,Kolkata,22.47275,88.41601
ATM-00879,Yes,Kolkata,22.51606,88.39873
ATM-00880,Kotak,Kolkata,22.5698,88.43203
ATM-00881,PNB,Kolkata,22.45459,88.46459
ATM-00882,PNB,Kolkata,22.60326,88.46836
ATM-00883,SBI,Kolkata,22.60934,88.26265
ATM-00884,ICICI,Kolkata,22.45867,88.33877
ATM-00885,Canara,Kolkata,22.52372,88.28848
ATM-00886,ICICI,Kolkata,22.65557,88.46631
ATM-00887,PNB,Kolkata,22.47712,88.41642
ATM-00888,ICICI,Kolkata,22.63076,88.3223
ATM-00889,Axis,Kolkata,22.60795,88.3294
ATM-00890,Kotak,Kolkata,22.54105,88.37617
ATM-00891,SBI,Kolkata,22.65368,88.30475
ATM-00892,Yes,Kolkata,22.4625,88.37995
ATM-00893,BOB,Kolkata,22.66985,88.47068
ATM-00894,PNB,Kolkata,22.55412,88.41928
ATM-00895,ICICI,Kolkata,22.59723,88.39426
ATM-00896,BOB,Kolkata,22.61772,88.28317
ATM-00897,SBI,Kolkata,22.60542,88.34023
ATM-00898,Axis,Kolkata,22.65676,88.35896
ATM-00899,Union,Kolkata,22.62611,88.24457
ATM-00900,Yes,Kolkata,22.65788,88.43276
ATM-00901,SBI,Kolkata,22.48696,88.26118
ATM-00902,Kotak,Kolkata,22.57611,88.34499
ATM-00903,ICICI,Kolkata,22.46765,88.24601
ATM-00904,PNB,Kolkata,22.66956,88.28337
ATM-00905,Kotak,Kolkata,22.45361,88.4369
ATM-00906,Canara,Kolkata,22.5888,88.35642
ATM-00907,Canara,Kolkata,22.53029,88.35441
ATM-00908,Yes,Kolkata,22.67069,88.4516
ATM-00909,SBI,Kolkata,22.68344,88.39267
ATM-00910,PNB,Kolkata,22.62606,88.32347
ATM-00911,Kotak,Kolkata,22.58821,88.34497
ATM-00912,PNB,Kolkata,22.56798,88.39927
ATM-00913,SBI,Kolkata,22.66026,88.3712
ATM-00914,BOB,Kolkata,22.65615,88.2973
ATM-00915,Union,Kolkata,22.61853,88.27916
ATM-00916,Yes,Kolkata,22.54188,88.38328
ATM-00917,BOB,Kolkata,22.539,88.30156
ATM-00918,ICICI,Kolkata,22.54772,88.27132
ATM-00919,HDFC,Kolkata,22.68505,88.29258
ATM-00920,HDFC,Kolkata,22.5057,88.44486
ATM-00921,BOB,Kolkata,22.49761,88.40476
ATM-00922,Canara,Kolkata,22.50708,88.35386
ATM-00923,Canara,Kolkata,22.59005,88.27102
ATM-00924,Yes,Kolkata,22.67082,88.37995
ATM-00925,ICICI,Kolkata,22.61568,88.43598
ATM-00926,HDFC,Kolkata,22.65983,88.37604
ATM-00927,Canara,Kolkata,22.60298,88.47439
ATM-00928,Yes,Kolkata,22.4771,88.44315
ATM-00929,Axis,Kolkata,22.58323,88.47621
ATM-00930,ICICI,Kolkata,22.58773,88.4299
ATM-00931,Yes,Kolkata,22.54221,88.39241
ATM-00932,SBI,Kolkata,22.50946,88.33326
ATM-00933,BOB,Kolkata,22.62106,88.47325
ATM-00934,Yes,Kolkata,22.52458,88.41368
ATM-00935,Axis,Kolkata,22.67065,88.26495
ATM-00936,Kotak,Kolkata,22.58771,88.4641
ATM-00937,Kotak,Kolkata,22.49292,88.4228
ATM-00938,SBI,Kolkata,22.64559,88.42056
ATM-00939,Kotak,Kolkata,22.65075,88.27335
ATM-00940,Kotak,Kolkata,22.57576,88.36983
ATM-00941,Union,Kolkata,22.62583,88.25434
ATM-00942,Kotak,Kolkata,22.53743,88.32928
ATM-00943,Axis,Kolkata,22.64533,88.27101
ATM-00944,BOB,Kolkata,22.5137,88.29026
ATM-00945,BOB,Kolkata,22.45771,88.4812
ATM-00946,HDFC,Kolkata,22.47986,88.24893
ATM-00947,ICICI,Kolkata,22.4703,88.30592
ATM-00948,Yes,Kolkata,22.58562,88.31351
ATM-00949,PNB,Kolkata,22.65329,88.3851
ATM-00950,PNB,Kolkata,22.58182,88.40938
ATM-00951,Kotak,Kolkata,22.6803,88.24721
ATM-00952,BOB,Kolkata,22.69128,88.36082
ATM-00953,SBI,Kolkata,22.66213,88.43601
ATM-00954,Union,Kolkata,22.4705,88.3928
ATM-00955,ICICI,Kolkata,22.54682,88.35808
ATM-00956,Axis,Kolkata,22.6189,88.35156
ATM-00957,HDFC,Kolkata,22.66212,88.3905
ATM-00958,PNB,Kolkata,22.53922,88.37068
ATM-00959,SBI,Kolkata,22.66716,88.38531
ATM-00960,BOB,Kolkata,22.50333,88.4405
ATM-00961,Kotak,Kolkata,22.53213,88.35632
ATM-00962,BOB,Kolkata,22.52805,88.32442
ATM-00963,BOB,Kolkata,22.53271,88.24882
ATM-00964,ICICI,Kolkata,22.66291,88.38998
ATM-00965,Yes,Kolkata,22.62707,88.27838
ATM-00966,PNB,Kolkata,22.5182,88.3639
ATM-00967,Union,Kolkata,22.53824,88.38155
ATM-00968,SBI,Kolkata,22.68227,88.48202
ATM-00969,HDFC,Kolkata,22.67221,88.46053
ATM-00970,Union,Kolkata,22.66197,88.42973
ATM-00971,PNB,Kolkata,22.60491,88.331
ATM-00972,ICICI,Kolkata,22.64293,88.30103
ATM-00973,Kotak,Kolkata,22.61612,88.31686
ATM-00974,Axis,Kolkata,22.63009,88.36604
ATM-00975,Yes,Kolkata,22.5367,88.37608
ATM-00976,Kotak,Kolkata,22.53286,88.41291
ATM-00977,Canara,Kolkata,22.66468,88.43172
ATM-00978,Axis,Kolkata,22.54075,88.30232
ATM-00979,Axis,Kolkata,22.69179,88.28009
ATM-00980,BOB,Kolkata,22.45434,88.45293
ATM-00981,PNB,Kolkata,22.5498,88.33896
ATM-00982,ICICI,Kolkata,22.67568,88.38473
ATM-00983,Union,Kolkata,22.52496,88.31794
ATM-00984,Kotak,Kolkata,22.5849,88.46888
ATM-00985,HDFC,Kolkata,22.47024,88.28956
ATM-00986,Kotak,Kolkata,22.59298,88.31692
ATM-00987,Yes,Kolkata,22.68959,88.32957
ATM-00988,BOB,Kolkata,22.62569,88.46517
ATM-00989,PNB,Kolkata,22.52922,88.28596
ATM-00990,PNB,Kolkata,22.58376,88.42594
ATM-00991,SBI,Kolkata,22.50946,88.24872
ATM-00992,Union,Kolkata,22.5485,88.29198
ATM-00993,HDFC,Kolkata,22.52043,88.36436
ATM-00994,ICICI,Kolkata,22.49981,88.42003
ATM-00995,Union,Kolkata,22.59685,88.26293
ATM-00996,Axis,Kolkata,22.53448,88.2767
ATM-00997,SBI,Pune,18.46535,73.8909
ATM-00998,Axis,Pune,18.55397,73.95819
ATM-00999,SBI,Pune,18.47757,73.94496
ATM-01000,Kotak,Pune,18.55614,73.83398
ATM-01001,SBI,Pune,18.44228,73.94389
ATM-01002,BOB,Pune,18.42133,73.88377
ATM-01003,BOB,Pune,18.63748,73.83259
ATM-01004,Kotak,Pune,18.61,73.74288
ATM-01005,SBI,Pune,18.53579,73.97371
ATM-01006,Kotak,Pune,18.50003,73.90713
ATM-01007,Axis,Pune,18.438,73.74116
ATM-01008,HDFC,Pune,18.43464,73.92083
ATM-01009,Kotak,Pune,18.48628,73.82351
ATM-01010,Canara,Pune,18.52968,73.87794
ATM-01011,Union,Pune,18.43722,73.97223
ATM-01012,PNB,Pune,18.4798,73.91456
ATM-01013,SBI,Pune,18.59563,73.85131
ATM-01014,Canara,Pune,18.58664,73.81092
ATM-01015,PNB,Pune,18.63497,73.84546
ATM-01016,PNB,Pune,18.48713,73.86381
ATM-01017,BOB,Pune,18.43205,73.73887
ATM-01018,Kotak,Pune,18.42435,73.93091
ATM-01019,Yes,Pune,18.43654,73.88764
ATM-01020,SBI,Pune,18.58198,73.75828
ATM-01021,Canara,Pune,18.55031,73.76603
ATM-01022,ICICI,Pune,18.52084,73.86996
ATM-01023,ICICI,Pune,18.46259,73.88216
ATM-01024,ICICI,Pune,18.61709,73.9457
ATM-01025,Axis,Pune,18.52724,73.8209
ATM-01026,Axis,Pune,18.50637,73.94306
ATM-01027,Yes,Pune,18.55307,73.81931
ATM-01028,SBI,Pune,18.51082,73.81442
ATM-01029,HDFC,Pune,18.42627,73.91271
ATM-01030,Kotak,Pune,18.59402,73.95598
ATM-01031,Yes,Pune,18.4148,73.87211
ATM-01032,Axis,Pune,18.61808,73.82684
ATM-01033,Yes,Pune,18.40777,73.74168
ATM-01034,Kotak,Pune,18.45844,73.82173
ATM-01035,PNB,Pune,18.5826,73.89095
ATM-01036,Union,Pune,18.61146,73.85636
ATM-01037,PNB,Pune,18.5902,73.85127
ATM-01038,PNB,Pune,18.62942,73.76947
ATM-01039,BOB,Pune,18.46822,73.81627
ATM-01040,Kotak,Pune,18.6097,73.79664
ATM-01041,BOB,Pune,18.56427,73.88012
ATM-01042,Axis,Pune,18.4513,73.74921
ATM-01043,SBI,Pune,18.60472,73.91322
ATM-01044,ICICI,Pune,18.58756,73.9439
ATM-01045,PNB,Pune,18.50475,73.77025
ATM-01046,ICICI,Pune,18.56484,73.9299
ATM-01047,PNB,Pune,18.63424,73.73896
ATM-01048,HDFC,Pune,18.43659,73.91334
ATM-01049,Yes,Pune,18.58071,73.84817
ATM-01050,Yes,Pune,18.42206,73.81819
ATM-01051,SBI,Pune,18.61207,73.97182
ATM-01052,SBI,Pune,18.54087,73.78503
ATM-01053,Axis,Pune,18.40949,73.85785
ATM-01054,SBI,Pune,18.53836,73.90432
ATM-01055,HDFC,Pune,18.412,73.95126
ATM-01056,BOB,Pune,18.61126,73.76561
ATM-01057,SBI,Pune,18.63334,73.8628
ATM-01058,ICICI,Pune,18.44336,73.90119
ATM-01059,HDFC,Pune,18.55237,73.86763
ATM-01060,HDFC,Pune,18.52758,73.9382
ATM-01061,Axis,Pune,18.48427,73.78833
ATM-01062,ICICI,Pune,18.57594,73.80221
ATM-01063,SBI,Pune,18.40405,73.80126
ATM-01064,Canara,Pune,18.44755,73.74819
ATM-01065,Kotak,Pune,18.62886,73.80083
ATM-01066,Canara,Pune,18.56555,73.89345
ATM-01067,Yes,Pune,18.46811,73.81608
ATM-01068,PNB,Pune,18.63617,73.94648
ATM-01069,Yes,Pune,18.49623,73.81308
ATM-01070,Yes,Pune,18.49231,73.773
ATM-01071,SBI,Pune,18.612,73.9296
ATM-01072,PNB,Pune,18.45778,73.85695
ATM-01073,Axis,Pune,18.56688,73.9119
ATM-01074,HDFC,Pune,18.59853,73.89592
ATM-01075,SBI,Pune,18.60273,73.92485
ATM-01076,BOB,Pune,18.4978,73.87074
ATM-01077,Union,Pune,18.53215,73.81245
ATM-01078,BOB,Pune,18.40062,73.91579
ATM-01079,Yes,Pune,18.52283,73.87885
ATM-01080,Yes,Pune,18.45666,73.88778
ATM-01081,Canara,Pune,18.48565,73.75209
ATM-01082,Kotak,Pune,18.46434,73.895
ATM-01083,Axis,Pune,18.41768,73.92806
ATM-01084,PNB,Pune,18.62215,73.92039
ATM-01085,Kotak,Pune,18.6185,73.85029
ATM-01086,Axis,Pune,18.52569,73.85109
ATM-01087,Canara,Pune,18.64026,73.7525
ATM-01088,ICICI,Pune,18.48778,73.78586
ATM-01089,ICICI,Pune,18.5956,73.79397
ATM-01090,ICICI,Pune,18.43699,73.89554
ATM-01091,SBI,Pune,18.55413,73.93529
ATM-01092,Yes,Pune,18.47767,73.82352
ATM-01093,PNB,Pune,18.42993,73.77362
ATM-01094,Canara,Pune,18.49044,73.82425
ATM-01095,HDFC,Pune,18.52552,73.84537
ATM-01096,BOB,Pune,18.4664,73.80642
ATM-01097,BOB,Pune,18.5672,73.84454
ATM-01098,Canara,Pune,18.57576,73.77858
ATM-01099,Kotak,Pune,18.43637,73.89994
ATM-01100,Union,Pune,18.51771,73.89516
ATM-01101,Yes,Pune,18.48939,73.81832
ATM-01102,SBI,Pune,18.46109,73.87019
ATM-01103,ICICI,Pune,18.53733,73.75056
ATM-01104,Kotak,Pune,18.47397,73.86742
ATM-01105,BOB,Pune,18.46175,73.8004
ATM-01106,HDFC,Pune,18.42232,73.88937
ATM-01107,PNB,Pune,18.4488,73.83825
ATM-01108,SBI,Pune,18.54869,73.82589
ATM-01109,SBI,Pune,18.57258,73.82687
ATM-01110,Yes,Pune,18.57141,73.80756
ATM-01111,PNB,Pune,18.50383,73.88249
ATM-01112,Union,Pune,18.48496,73.82919
ATM-01113,Union,Pune,18.43147,73.88515
ATM-01114,Kotak,Pune,18.48977,73.89644
ATM-01115,BOB,Pune,18.60684,73.75589
ATM-01116,BOB,Pune,18.49146,73.8629
ATM-01117,SBI,Pune,18.62498,73.89102
ATM-01118,BOB,Pune,18.42627,73.87194
ATM-01119,BOB,Pune,18.56863,73.84137
ATM-01120,Yes,Pune,18.4427,73.75232
ATM-01121,SBI,Pune,18.5183,73.85953
ATM-01122,Yes,Pune,18.56129,73.91441
ATM-01123,PNB,Pune,18.5304,73.95889
ATM-01124,BOB,Pune,18.53332,73.92131
ATM-01125,HDFC,Pune,18.42875,73.78967
ATM-01126,BOB,Pune,18.53745,73.74041
ATM-01127,Union,Pune,18.42158,73.91749
ATM-01128,Axis,Pune,18.50943,73.93446
ATM-01129,SBI,Ahmedabad,23.07315,72.56727
ATM-01130,Union,Ahmedabad,23.03459,72.6309
ATM-01131,SBI,Ahmedabad,22.93615,72.54907
ATM-01132,Kotak,Ahmedabad,23.11176,72.48633
ATM-01133,ICICI,Ahmedabad,22.94816,72.68714
ATM-01134,PNB,Ahmedabad,23.13978,72.51732
ATM-01135,PNB,Ahmedabad,22.92329,72.54349
ATM-01136,Yes,Ahmedabad,23.03587,72.57404
ATM-01137,Axis,Ahmedabad,23.06596,72.52504
ATM-01138,Canara,Ahmedabad,23.11053,72.64387
ATM-01139,SBI,Ahmedabad,22.9642,72.49988
ATM-01140,BOB,Ahmedabad,22.9523,72.60794
ATM-01141,ICICI,Ahmedabad,23.06002,72.62177
ATM-01142,Axis,Ahmedabad,22.99027,72.64375
ATM-01143,SBI,Ahmedabad,23.01204,72.62106
ATM-01144,HDFC,Ahmedabad,23.07752,72.45344
ATM-01145,Kotak,Ahmedabad,23.00064,72.58698
ATM-01146,BOB,Ahmedabad,22.91098,72.50413
ATM-01147,Union,Ahmedabad,22.97247,72.62193
ATM-01148,BOB,Ahmedabad,23.04907,72.54884
ATM-01149,ICICI,Ahmedabad,22.95143,72.50017
ATM-01150,SBI,Ahmedabad,23.00659,72.60483
ATM-01151,Union,Ahmedabad,22.93538,72.66258
ATM-01152,Canara,Ahmedabad,23.02182,72.45481
ATM-01153,Axis,Ahmedabad,23.07943,72.49079
ATM-01154,PNB,Ahmedabad,23.06422,72.61339
ATM-01155,ICICI,Ahmedabad,23.09496,72.57967
ATM-01156,Axis,Ahmedabad,22.93749,72.67169
ATM-01157,Axis,Ahmedabad,23.0264,72.56316
ATM-01158,Yes,Ahmedabad,23.09072,72.67961
ATM-01159,BOB,Ahmedabad,22.9562,72.65145
ATM-01160,SBI,Ahmedabad,23.06712,72.48856
ATM-01161,ICICI,Ahmedabad,23.12423,72.48341
ATM-01162,Axis,Ahmedabad,23.10317,72.52187
ATM-01163,Canara,Ahmedabad,23.11243,72.64273
ATM-01164,PNB,Ahmedabad,23.07515,72.5257
ATM-01165,ICICI,Ahmedabad,22.98035,72.65331
ATM-01166,Axis,Ahmedabad,23.12943,72.61109
ATM-01167,Yes,Ahmedabad,22.99646,72.45931
ATM-01168,Canara,Ahmedabad,22.93994,72.52125
ATM-01169,ICICI,Ahmedabad,23.06911,72.49896
ATM-01170,Yes,Ahmedabad,23.07728,72.55457
ATM-01171,HDFC,Ahmedabad,22.92995,72.65024
ATM-01172,Canara,Ahmedabad,23.0603,72.50191
ATM-01173,Kotak,Ahmedabad,23.02882,72.52118
ATM-01174,HDFC,Ahmedabad,22.90677,72.63895
ATM-01175,PNB,Ahmedabad,22.95062,72.5186
ATM-01176,HDFC,Ahmedabad,23.04597,72.58117
ATM-01177,Axis,Ahmedabad,22.95082,72.56431
ATM-01178,Union,Ahmedabad,23.04141,72.52337
ATM-01179,Kotak,Ahmedabad,23.04621,72.68357
ATM-01180,PNB,Ahmedabad,22.94915,72.48793
ATM-01181,BOB,Ahmedabad,22.91451,72.53135
ATM-01182,Kotak,Ahmedabad,23.01795,72.53049
ATM-01183,PNB,Ahmedabad,22.94543,72.64045
ATM-01184,BOB,Ahmedabad,23.09666,72.62508
ATM-01185,ICICI,Ahmedabad,22.92546,72.58378
ATM-01186,SBI,Ahmedabad,23.04544,72.56214
ATM-01187,Yes,Ahmedabad,22.91201,72.59042
ATM-01188,Union,Ahmedabad,23.05773,72.48307
ATM-01189,ICICI,Ahmedabad,23.10343,72.4697
ATM-01190,HDFC,Ahmedabad,22.98876,72.61046
ATM-01191,BOB,Ahmedabad,22.98209,72.65355
ATM-01192,HDFC,Ahmedabad,22.97531,72.51411
ATM-01193,BOB,Ahmedabad,23.11347,72.4795
ATM-01194,Kotak,Ahmedabad,22.96741,72.58125
ATM-01195,Canara,Ahmedabad,23.01478,72.49077
ATM-01196,Axis,Ahmedabad,22.9126,72.51289
ATM-01197,ICICI,Ahmedabad,22.97054,72.58467
ATM-01198,Canara,Ahmedabad,23.12052,72.62578
ATM-01199,SBI,Ahmedabad,23.02293,72.66515
ATM-01200,Union,Ahmedabad,22.92788,72.46428
ATM-01201,HDFC,Ahmedabad,22.95312,72.62989
ATM-01202,PNB,Ahmedabad,23.08251,72.48828
ATM-01203,Union,Ahmedabad,23.14206,72.55316
ATM-01204,HDFC,Ahmedabad,23.02685,72.52147
ATM-01205,Axis,Ahmedabad,22.92274,72.59024
ATM-01206,Canara,Ahmedabad,22.96095,72.63739
ATM-01207,Axis,Ahmedabad,23.07309,72.46631
ATM-01208,HDFC,Ahmedabad,22.92003,72.53235
ATM-01209,ICICI,Ahmedabad,22.91239,72.59978
ATM-01210,BOB,Ahmedabad,23.09801,72.5335
ATM-01211,Kotak,Ahmedabad,23.04455,72.49527
ATM-01212,Yes,Ahmedabad,23.12817,72.55027
ATM-01213,ICICI,Ahmedabad,22.91024,72.64067
ATM-01214,ICICI,Ahmedabad,23.0786,72.61431
ATM-01215,Axis,Ahmedabad,23.09394,72.63624
ATM-01216,Kotak,Ahmedabad,22.95007,72.50411
ATM-01217,SBI,Ahmedabad,23.07256,72.46745
ATM-01218,BOB,Ahmedabad,23.09248,72.56653
ATM-01219,HDFC,Ahmedabad,23.02863,72.5306
ATM-01220,Axis,Ahmedabad,23.08285,72.60413
ATM-01221,Kotak,Ahmedabad,23.11049,72.46348
ATM-01222,Kotak,Ahmedabad,23.09129,72.47357
ATM-01223,BOB,Ahmedabad,23.04237,72.6442
ATM-01224,ICICI,Ahmedabad,23.06395,72.63033
ATM-01225,PNB,Ahmedabad,22.96473,72.61788
ATM-01226,Union,Ahmedabad,23.11965,72.63019
ATM-01227,Canara,Ahmedabad,22.94203,72.544
ATM-01228,Canara,Ahmedabad,22.97425,72.68202
ATM-01229,HDFC,Ahmedabad,23.05975,72.6032
ATM-01230,PNB,Ahmedabad,23.13493,72.6404
ATM-01231,Axis,Ahmedabad,23.08267,72.65479
ATM-01232,Axis,Ahmedabad,22.95002,72.5613
ATM-01233,SBI,Ahmedabad,23.11311,72.5894
ATM-01234,Kotak,Ahmedabad,22.99658,72.63952
ATM-01235,HDFC,Ahmedabad,23.10068,72.5489
ATM-01236,Kotak,Ahmedabad,22.9573,72.61266
ATM-01237,Yes,Ahmedabad,23.06169,72.66839
ATM-01238,BOB,Ahmedabad,23.09281,72.45248
ATM-01239,BOB,Ahmedabad,23.04742,72.67964
ATM-01240,BOB,Ahmedabad,23.00298,72.59654
ATM-01241,HDFC,Ahmedabad,22.9375,72.5823
ATM-01242,Union,Ahmedabad,22.98739,72.65409
ATM-01243,PNB,Ahmedabad,22.91032,72.532
ATM-01244,Yes,Ahmedabad,22.94745,72.66489
ATM-01245,HDFC,Ahmedabad,23.06114,72.64511
ATM-01246,Yes,Ahmedabad,22.95442,72.60192
ATM-01247,PNB,Ahmedabad,23.1,72.49559
ATM-01248,ICICI,Ahmedabad,22.98234,72.48762
ATM-01249,Union,Ahmedabad,22.95631,72.66497
ATM-01250,PNB,Ahmedabad,23.11417,72.68192
ATM-01251,Canara,Ahmedabad,23.02242,72.68079
ATM-01252,ICICI,Ahmedabad,23.09228,72.59698
ATM-01253,ICICI,Ahmedabad,22.99632,72.45357
ATM-01254,Union,Ahmedabad,22.9274,72.51041
ATM-01255,Kotak,Ahmedabad,23.09675,72.51159
ATM-01256,Canara,Ahmedabad,23.0648,72.68768
ATM-01257,PNB,Ahmedabad,23.06237,72.48381
ATM-01258,Union,Ahmedabad,23.06241,72.46962
ATM-01259,PNB,Ahmedabad,22.98197,72.51532
ATM-01260,Yes,Ahmedabad,22.98934,72.61008
ATM-01261,SBI,Jaipur,27.01748,75.86138
ATM-01262,Kotak,Jaipur,27.01012,75.78685
ATM-01263,HDFC,Jaipur,26.95838,75.67162
ATM-01264,Canara,Jaipur,26.92618,75.77476
ATM-01265,BOB,Jaipur,27.00627,75.84223
ATM-01266,ICICI,Jaipur,26.80083,75.74535
ATM-01267,PNB,Jaipur,26.7941,75.89207
ATM-01268,Union,Jaipur,26.82709,75.80831
ATM-01269,ICICI,Jaipur,26.91432,75.90675
ATM-01270,PNB,Jaipur,26.97177,75.82126
ATM-01271,Canara,Jaipur,26.94295,75.72532
ATM-01272,Yes,Jaipur,26.79859,75.79887
ATM-01273,Yes,Jaipur,26.94811,75.86048
ATM-01274,Kotak,Jaipur,26.91072,75.9012
ATM-01275,ICICI,Jaipur,26.9582,75.7339
ATM-01276,SBI,Jaipur,26.99244,75.78628
ATM-01277,ICICI,Jaipur,26.98288,75.75064
ATM-01278,SBI,Jaipur,26.84059,75.86109
ATM-01279,ICICI,Jaipur,26.83132,75.8445
ATM-01280,Union,Jaipur,26.95594,75.88512
ATM-01281,Kotak,Jaipur,26.86383,75.75921
ATM-01282,PNB,Jaipur,27.02331,75.71222
ATM-01283,Union,Jaipur,27.0063,75.78124
ATM-01284,HDFC,Jaipur,26.86942,75.77249
ATM-01285,Kotak,Jaipur,26.95597,75.75413
ATM-01286,PNB,Jaipur,26.88492,75.89856
ATM-01287,Union,Jaipur,26.81939,75.88949
ATM-01288,ICICI,Jaipur,26.90046,75.86821
ATM-01289,ICICI,Jaipur,26.97928,75.74284
ATM-01290,Canara,Jaipur,26.85934,75.79586
ATM-01291,HDFC,Jaipur,26.99594,75.76611
ATM-01292,Yes,Jaipur,26.85849,75.75436
ATM-01293,HDFC,Jaipur,26.91944,75.73651
ATM-01294,SBI,Jaipur,26.85473,75.85243
ATM-01295,PNB,Jaipur,26.92013,75.83484
ATM-01296,PNB,Jaipur,26.87728,75.89288
ATM-01297,Canara,Jaipur,27.02772,75.87991
ATM-01298,Yes,Jaipur,26.81554,75.81196
ATM-01299,PNB,Jaipur,26.99266,75.83813
ATM-01300,HDFC,Jaipur,26.83222,75.70964
ATM-01301,Kotak,Jaipur,26.97831,75.76198
ATM-01302,Kotak,Jaipur,26.88839,75.78725
ATM-01303,ICICI,Jaipur,26.87633,75.71188
ATM-01304,PNB,Jaipur,26.92003,75.79239
ATM-01305,HDFC,Jaipur,26.82446,75.74859
ATM-01306,SBI,Jaipur,27.01429,75.68333
ATM-01307,Union,Jaipur,26.99686,75.82757
ATM-01308,PNB,Jaipur,26.89621,75.71864
ATM-01309,ICICI,Jaipur,26.98085,75.83039
ATM-01310,Axis,Jaipur,26.82868,75.82847
ATM-01311,SBI,Jaipur,26.91254,75.8829
ATM-01312,Yes,Jaipur,26.97072,75.86434
ATM-01313,Yes,Jaipur,27.00328,75.69881
ATM-01314,HDFC,Jaipur,26.93936,75.73332
ATM-01315,Canara,Jaipur,26.97757,75.81246
ATM-01316,Axis,Jaipur,26.85793,75.71844
ATM-01317,Union,Jaipur,26.86662,75.75364
ATM-01318,Kotak,Jaipur,27.02636,75.85981
ATM-01319,HDFC,Jaipur,26.798,75.79144
ATM-01320,SBI,Jaipur,26.99366,75.74533
ATM-01321,BOB,Jaipur,26.90226,75.85066
ATM-01322,BOB,Jaipur,26.85841,75.68148
ATM-01323,SBI,Jaipur,26.93406,75.81026
ATM-01324,HDFC,Jaipur,26.80191,75.86587
ATM-01325,Kotak,Jaipur,26.90849,75.7379
ATM-01326,Axis,Jaipur,27.02393,75.79467
ATM-01327,Axis,Jaipur,26.84469,75.85773
ATM-01328,Union,Jaipur,26.86001,75.90104
ATM-01329,ICICI,Jaipur,26.9213,75.67462
ATM-01330,Yes,Jaipur,26.79921,75.78842
ATM-01331,PNB,Jaipur,26.88226,75.89638
ATM-01332,Yes,Jaipur,26.96629,75.80768
ATM-01333,Yes,Jaipur,26.88607,75.89639
ATM-01334,SBI,Jaipur,26.84671,75.87554
ATM-01335,Kotak,Jaipur,26.9854,75.89802
ATM-01336,BOB,Jaipur,26.95028,75.72772
ATM-01337,Union,Jaipur,26.93054,75.77082
ATM-01338,Axis,Jaipur,26.90152,75.7493
ATM-01339,Axis,Jaipur,26.81925,75.70704
ATM-01340,SBI,Jaipur,26.81075,75.88268
ATM-01341,Axis,Jaipur,26.89767,75.71475
ATM-01342,PNB,Jaipur,26.978,75.71558
ATM-01343,Union,Jaipur,26.97184,75.89489
ATM-01344,Axis,Jaipur,26.96508,75.68236
ATM-01345,Canara,Jaipur,26.8927,75.86781
ATM-01346,ICICI,Jaipur,26.85571,75.75259
ATM-01347,Kotak,Jaipur,26.92809,75.74306
ATM-01348,ICICI,Jaipur,26.86578,75.67792
ATM-01349,SBI,Jaipur,26.95832,75.76834
ATM-01350,HDFC,Jaipur,26.98548,75.77651
ATM-01351,Kotak,Jaipur,26.87471,75.87325
ATM-01352,HDFC,Jaipur,26.97899,75.7804
ATM-01353,BOB,Jaipur,27.01121,75.85804
ATM-01354,HDFC,Jaipur,27.00775,75.9016
ATM-01355,Yes,Jaipur,26.91919,75.7276
ATM-01356,SBI,Jaipur,26.84263,75.72777
ATM-01357,PNB,Jaipur,27.0174,75.71364
ATM-01358,Yes,Jaipur,27.01928,75.90263
ATM-01359,ICICI,Jaipur,26.97826,75.84148
ATM-01360,ICICI,Jaipur,26.98725,75.86923
ATM-01361,Union,Jaipur,26.8256,75.69397
ATM-01362,HDFC,Jaipur,26.9199,75.67392
ATM-01363,Union,Jaipur,26.90369,75.67768
ATM-01364,Kotak,Jaipur,26.9206,75.68434
ATM-01365,BOB,Jaipur,26.87363,75.8016
ATM-01366,Axis,Jaipur,26.90869,75.82077
ATM-01367,Kotak,Jaipur,26.79416,75.71637
ATM-01368,Union,Jaipur,26.88423,75.69226
ATM-01369,BOB,Jaipur,27.00302,75.89406
ATM-01370,BOB,Jaipur,26.90194,75.80783
ATM-01371,SBI,Jaipur,26.97521,75.80414
ATM-01372,Axis,Jaipur,26.99921,75.70785
ATM-01373,BOB,Jaipur,26.96444,75.78
ATM-01374,BOB,Jaipur,26.93781,75.69571
ATM-01375,Axis,Jaipur,26.93618,75.68236
ATM-01376,SBI,Jaipur,26.98439,75.88071
ATM-01377,Axis,Jaipur,26.88655,75.85643
ATM-01378,SBI,Jaipur,26.94454,75.84529
ATM-01379,Axis,Jaipur,26.85063,75.88522
ATM-01380,SBI,Jaipur,26.98505,75.67644
ATM-01381,Axis,Lucknow,26.82318,81.05208
ATM-01382,Canara,Lucknow,26.91278,80.83681
ATM-01383,PNB,Lucknow,26.87997,81.04683
ATM-01384,BOB,Lucknow,26.73662,80.9385
ATM-01385,HDFC,Lucknow,26.90841,80.85112
ATM-01386,ICICI,Lucknow,26.77157,81.0199
ATM-01387,Canara,Lucknow,26.87452,80.90379
ATM-01388,SBI,Lucknow,26.91557,81.03972
ATM-01389,HDFC,Lucknow,26.74401,80.83333
ATM-01390,Union,Lucknow,26.84729,80.97496
ATM-01391,SBI,Lucknow,26.91674,80.9552
ATM-01392,BOB,Lucknow,26.88545,80.97382
ATM-01393,Axis,Lucknow,26.82197,80.82803
ATM-01394,BOB,Lucknow,26.73248,81.02532
ATM-01395,Axis,Lucknow,26.7768,80.99615
ATM-01396,Union,Lucknow,26.88792,81.06219
ATM-01397,Kotak,Lucknow,26.96105,80.95727
ATM-01398,Axis,Lucknow,26.88934,80.84728
ATM-01399,HDFC,Lucknow,26.93064,81.0298
ATM-01400,PNB,Lucknow,26.74825,80.89196
ATM-01401,Union,Lucknow,26.90968,80.86168
ATM-01402,Axis,Lucknow,26.865,80.90656
ATM-01403,HDFC,Lucknow,26.72837,80.8442
ATM-01404,Axis,Lucknow,26.89059,81.01037
ATM-01405,Yes,Lucknow,26.85153,80.93555
ATM-01406,Axis,Lucknow,26.94841,80.96408
ATM-01407,HDFC,Lucknow,26.94664,81.00205
ATM-01408,SBI,Lucknow,26.94579,81.02713
ATM-01409,Yes,Lucknow,26.88753,80.85861
ATM-01410,Union,Lucknow,26.91897,80.83936
ATM-01411,ICICI,Lucknow,26.95296,80.93222
ATM-01412,Kotak,Lucknow,26.78734,80.89833
ATM-01413,ICICI,Lucknow,26.7335,80.91795
ATM-01414,BOB,Lucknow,26.83299,81.06161
ATM-01415,Kotak,Lucknow,26.90966,81.02704
ATM-01416,Yes,Lucknow,26.79251,80.88614
ATM-01417,Canara,Lucknow,26.85578,80.90797
ATM-01418,Kotak,Lucknow,26.93941,81.04722
ATM-01419,Axis,Lucknow,26.72712,81.01124
ATM-01420,Canara,Lucknow,26.94026,81.0169
ATM-01421,Kotak,Lucknow,26.76541,80.83469
ATM-01422,HDFC,Lucknow,26.8287,80.90707
ATM-01423,ICICI,Lucknow,26.85565,81.05795
ATM-01424,Canara,Lucknow,26.77746,80.83902
ATM-01425,Canara,Lucknow,26.78549,81.04635
ATM-01426,HDFC,Lucknow,26.89225,81.05838
ATM-01427,SBI,Lucknow,26.88217,80.87853
ATM-01428,HDFC,Lucknow,26.89813,80.92973
ATM-01429,BOB,Lucknow,26.96423,80.86851
ATM-01430,PNB,Lucknow,26.87412,80.86614
ATM-01431,PNB,Lucknow,26.90745,80.88584
ATM-01432,Axis,Lucknow,26.95724,80.84822
ATM-01433,Union,Lucknow,26.88057,80.97459
ATM-01434,HDFC,Lucknow,26.76079,80.84286
ATM-01435,HDFC,Lucknow,26.89348,80.89914
ATM-01436,HDFC,Lucknow,26.9018,80.95476
ATM-01437,HDFC,Lucknow,26.81346,80.86034
ATM-01438,Canara,Lucknow,26.90009,80.98182
ATM-01439,BOB,Lucknow,26.89171,80.89183
ATM-01440,PNB,Lucknow,26.76939,80.85022
ATM-01441,ICICI,Lucknow,26.82145,80.99343
ATM-01442,HDFC,Lucknow,26.83348,81.001
ATM-01443,Kotak,Lucknow,26.93341,80.93675
ATM-01444,Axis,Lucknow,26.92645,80.83357
ATM-01445,Kotak,Lucknow,26.75228,80.87633
ATM-01446,SBI,Lucknow,26.88767,80.89284
ATM-01447,HDFC,Lucknow,26.92966,80.84364
ATM-01448,Union,Lucknow,26.76463,80.98442
ATM-01449,SBI,Lucknow,26.80157,80.88933
ATM-01450,SBI,Lucknow,26.76118,80.8495
ATM-01451,Union,Lucknow,26.81862,80.98273
ATM-01452,PNB,Lucknow,26.86678,80.84109
ATM-01453,ICICI,Lucknow,26.73026,81.03081
ATM-01454,Canara,Lucknow,26.95135,80.91149
ATM-01455,PNB,Lucknow,26.90013,80.85941
ATM-01456,HDFC,Lucknow,26.81562,80.8661
ATM-01457,ICICI,Lucknow,26.93608,81.04442
ATM-01458,SBI,Lucknow,26.79517,80.91759
ATM-01459,Axis,Lucknow,26.78046,80.87274
ATM-01460,Axis,Lucknow,26.90973,81.03095
ATM-01461,SBI,Lucknow,26.88064,80.93943
ATM-01462,Kotak,Lucknow,26.73884,80.98547
ATM-01463,BOB,Lucknow,26.78306,80.83325
ATM-01464,Canara,Lucknow,26.84368,80.85257
ATM-01465,HDFC,Lucknow,26.89747,80.8487
ATM-01466,Axis,Lucknow,26.84309,81.04774
ATM-01467,Axis,Lucknow,26.8289,80.84077
ATM-01468,BOB,Lucknow,26.743,80.91287
ATM-01469,SBI,Lucknow,26.78408,80.90745
ATM-01470,Axis,Lucknow,26.74386,80.87958
ATM-01471,Yes,Lucknow,26.86179,81.03505
ATM-01472,Canara,Lucknow,26.75311,81.05269
ATM-01473,Canara,Lucknow,26.74013,80.95137
ATM-01474,HDFC,Lucknow,26.93422,80.87717
ATM-01475,BOB,Lucknow,26.84126,80.93863
ATM-01476,BOB,Lucknow,26.91511,80.85782
ATM-01477,PNB,Lucknow,26.87814,80.8497
ATM-01478,HDFC,Lucknow,26.8858,80.9129
ATM-01479,PNB,Lucknow,26.89553,80.94019
ATM-01480,Canara,Lucknow,26.76989,80.82881
ATM-01481,SBI,Lucknow,26.94334,80.98066
ATM-01482,BOB,Lucknow,26.85561,80.88238
ATM-01483,Kotak,Lucknow,26.88617,80.85963
ATM-01484,Kotak,Lucknow,26.76151,81.01907
ATM-01485,Kotak,Lucknow,26.90439,81.03196
ATM-01486,Axis,Lucknow,26.88425,80.9824
ATM-01487,HDFC,Lucknow,26.73046,80.93624
ATM-01488,PNB,Lucknow,26.83455,81.03022
ATM-01489,Axis,Lucknow,26.83206,80.85992
ATM-01490,Axis,Lucknow,26.79977,80.90157
ATM-01491,ICICI,Lucknow,26.95217,80.92268
ATM-01492,Axis,Lucknow,26.72973,81.05382
ATM-01493,BOB,Lucknow,26.7425,80.91589
ATM-01494,Axis,Lucknow,26.88812,80.87715
ATM-01495,PNB,Lucknow,26.77288,80.93911
ATM-01496,Axis,Lucknow,26.9666,80.93578
ATM-01497,SBI,Lucknow,26.96068,81.00759
ATM-01498,SBI,Lucknow,26.82438,80.90856
ATM-01499,Axis,Lucknow,26.86316,81.01101
ATM-01500,Union,Lucknow,26.92543,80.82624
ATM-01501,BOB,Surat,21.24501,72.8567
ATM-01502,ICICI,Surat,21.18505,72.88192
ATM-01503,PNB,Surat,21.11286,72.846
ATM-01504,ICICI,Surat,21.28066,72.7469
ATM-01505,Kotak,Surat,21.28983,72.74356
ATM-01506,Axis,Surat,21.26297,72.72476
ATM-01507,BOB,Surat,21.15168,72.73035
ATM-01508,Union,Surat,21.2398,72.77186
ATM-01509,PNB,Surat,21.20901,72.91755
ATM-01510,HDFC,Surat,21.28246,72.882
ATM-01511,HDFC,Surat,21.06258,72.93065
ATM-01512,HDFC,Surat,21.28239,72.92805
ATM-01513,ICICI,Surat,21.11955,72.94315
ATM-01514,PNB,Surat,21.15102,72.83815
ATM-01515,Canara,Surat,21.24389,72.86792
ATM-01516,BOB,Surat,21.19014,72.81821
ATM-01517,Kotak,Surat,21.20815,72.85181
ATM-01518,Axis,Surat,21.2659,72.94207
ATM-01519,PNB,Surat,21.15484,72.85322
ATM-01520,PNB,Surat,21.18708,72.75467
ATM-01521,Canara,Surat,21.20463,72.80999
ATM-01522,SBI,Surat,21.11198,72.90839
ATM-01523,Kotak,Surat,21.20002,72.8243
ATM-01524,BOB,Surat,21.2421,72.71341
ATM-01525,ICICI,Surat,21.13181,72.89369
ATM-01526,Axis,Surat,21.16192,72.78892
ATM-01527,Axis,Surat,21.28497,72.73245
ATM-01528,ICICI,Surat,21.18041,72.80735
ATM-01529,Kotak,Surat,21.26622,72.7669
ATM-01530,Kotak,Surat,21.14142,72.82974
ATM-01531,Axis,Surat,21.08082,72.76452
ATM-01532,Canara,Surat,21.26114,72.73824
ATM-01533,Yes,Surat,21.08284,72.80857
ATM-01534,BOB,Surat,21.20533,72.8238
ATM-01535,Kotak,Surat,21.27637,72.84957
ATM-01536,Kotak,Surat,21.13302,72.89312
ATM-01537,SBI,Surat,21.0923,72.82671
ATM-01538,Yes,Surat,21.21255,72.89855
ATM-01539,PNB,Surat,21.13893,72.9421
ATM-01540,Axis,Surat,21.25073,72.8652
ATM-01541,Axis,Surat,21.21937,72.94302
ATM-01542,PNB,Surat,21.13881,72.91517
ATM-01543,BOB,Surat,21.08942,72.72664
ATM-01544,Union,Surat,21.25412,72.92113
ATM-01545,Union,Surat,21.06115,72.9264
ATM-01546,PNB,Surat,21.17856,72.88525
ATM-01547,ICICI,Surat,21.05717,72.90272
ATM-01548,ICICI,Surat,21.07079,72.77084
ATM-01549,Axis,Surat,21.10539,72.77473
ATM-01550,HDFC,Surat,21.05484,72.73851
ATM-01551,Kotak,Surat,21.28299,72.74677
ATM-01552,PNB,Surat,21.0678,72.79484
ATM-01553,PNB,Surat,21.15037,72.82602
ATM-01554,PNB,Surat,21.13012,72.93363
ATM-01555,Union,Surat,21.08919,72.73303
ATM-01556,ICICI,Surat,21.06276,72.94475
ATM-01557,Kotak,Surat,21.24022,72.88601
ATM-01558,Union,Surat,21.17062,72.74496
ATM-01559,SBI,Surat,21.27315,72.84559
ATM-01560,Yes,Surat,21.23051,72.91244
ATM-01561,Axis,Surat,21.14266,72.88318
ATM-01562,BOB,Surat,21.12493,72.72842
ATM-01563,Axis,Surat,21.07281,72.85179
ATM-01564,BOB,Surat,21.24074,72.81962
ATM-01565,HDFC,Surat,21.2401,72.7666
ATM-01566,Yes,Surat,21.24817,72.82435
ATM-01567,Union,Surat,21.08337,72.75735
ATM-01568,BOB,Surat,21.10199,72.91269
ATM-01569,Yes,Surat,21.10802,72.77315
ATM-01570,SBI,Surat,21.17544,72.79074
ATM-01571,Axis,Surat,21.05762,72.88495
ATM-01572,BOB,Surat,21.17327,72.76185
ATM-01573,Axis,Surat,21.19773,72.92754
ATM-01574,PNB,Surat,21.2869,72.94998
ATM-01575,BOB,Surat,21.08169,72.72598
ATM-01576,PNB,Surat,21.23532,72.90958
ATM-01577,PNB,Surat,21.14536,72.8366
ATM-01578,HDFC,Surat,21.06356,72.85731
ATM-01579,Axis,Surat,21.12063,72.78911
ATM-01580,Axis,Surat,21.0865,72.9347
ATM-01581,HDFC,Surat,21.16102,72.75855
ATM-01582,Kotak,Surat,21.2386,72.88351
ATM-01583,PNB,Surat,21.21478,72.82545
ATM-01584,HDFC,Surat,21.2363,72.73659
ATM-01585,HDFC,Surat,21.1999,72.81605
ATM-01586,Axis,Surat,21.11082,72.87155
ATM-01587,Yes,Surat,21.15811,72.91565
ATM-01588,BOB,Surat,21.23508,72.8003
ATM-01589,Kotak,Surat,21.23734,72.88503
ATM-01590,BOB,Surat,21.1987,72.73629
ATM-01591,ICICI,Surat,21.07129,72.93249
ATM-01592,Canara,Surat,21.05917,72.94658
ATM-01593,Union,Surat,21.08115,72.82291
ATM-01594,Kotak,Surat,21.05863,72.86893
ATM-01595,Yes,Surat,21.15516,72.73167
ATM-01596,SBI,Surat,21.21759,72.88291
ATM-01597,ICICI,Surat,21.05785,72.92946
ATM-01598,Kotak,Surat,21.17741,72.87914
ATM-01599,Yes,Surat,21.08956,72.83875
ATM-01600,Yes,Surat,21.09079,72.75278
ATM-01601,Axis,Surat,21.2201,72.79808
ATM-01602,HDFC,Surat,21.16014,72.84356
ATM-01603,Yes,Surat,21.1125,72.88886
ATM-01604,Union,Surat,21.16366,72.94064
ATM-01605,Yes,Surat,21.24481,72.8932
ATM-01606,ICICI,Surat,21.22205,72.88726
ATM-01607,BOB,Surat,21.22996,72.93082
ATM-01608,Kotak,Surat,21.07588,72.90632
ATM-01609,Canara,Coimbatore,11.08932,76.84244
ATM-01610,ICICI,Coimbatore,11.00941,77.07354
ATM-01611,Kotak,Coimbatore,11.1311,76.98349
ATM-01612,Kotak,Coimbatore,10.93827,77.01454
ATM-01613,SBI,Coimbatore,11.06063,76.99412
ATM-01614,Union,Coimbatore,11.094,77.04293
ATM-01615,PNB,Coimbatore,10.97931,77.02479
ATM-01616,Kotak,Coimbatore,11.04237,77.05166
ATM-01617,PNB,Coimbatore,10.9515,76.91207
ATM-01618,Union,Coimbatore,11.12471,76.90818
ATM-01619,HDFC,Coimbatore,10.98149,76.92658
ATM-01620,Yes,Coimbatore,11.12306,76.83882
ATM-01621,Union,Coimbatore,11.07831,77.02054
ATM-01622,SBI,Coimbatore,11.07814,76.89445
ATM-01623,ICICI,Coimbatore,11.13455,77.01053
ATM-01624,Kotak,Coimbatore,11.09192,76.89657
ATM-01625,ICICI,Coimbatore,10.98816,77.03733
ATM-01626,SBI,Coimbatore,10.95435,77.00698
ATM-01627,Kotak,Coimbatore,10.97967,77.03833
ATM-01628,Canara,Coimbatore,11.10772,76.86918
ATM-01629,Canara,Coimbatore,11.05339,76.84732
ATM-01630,BOB,Coimbatore,11.1318,77.06288
ATM-01631,Axis,Coimbatore,11.0847,77.02354
ATM-01632,HDFC,Coimbatore,11.07187,76.92242
ATM-01633,SBI,Coimbatore,10.9209,76.91431
ATM-01634,Kotak,Coimbatore,11.11353,76.84194
ATM-01635,SBI,Coimbatore,10.91376,76.85204
ATM-01636,Yes,Coimbatore,10.94443,76.9467
ATM-01637,Yes,Coimbatore,10.97147,76.9502
ATM-01638,Union,Coimbatore,10.97117,76.98755
ATM-01639,PNB,Coimbatore,11.00971,77.05172
ATM-01640,HDFC,Coimbatore,11.07418,76.92035
ATM-01641,Canara,Coimbatore,11.04077,77.07527
ATM-01642,SBI,Coimbatore,10.91323,76.94287
ATM-01643,Axis,Coimbatore,11.10811,76.99553
ATM-01644,HDFC,Coimbatore,10.94682,76.96606
ATM-01645,BOB,Coimbatore,11.05395,76.97221
ATM-01646,ICICI,Coimbatore,11.03861,76.93957
ATM-01647,Canara,Coimbatore,10.99984,76.85796
ATM-01648,Kotak,Coimbatore,10.96664,76.95945
ATM-01649,Union,Coimbatore,10.92117,77.02634
ATM-01650,Yes,Coimbatore,11.08921,76.88836
ATM-01651,HDFC,Coimbatore,10.93466,76.98867
ATM-01652,PNB,Coimbatore,11.11994,76.88421
ATM-01653,ICICI,Coimbatore,11.13479,76.95953
ATM-01654,SBI,Coimbatore,11.01471,77.01632
ATM-01655,Yes,Coimbatore,11.05723,76.87018
ATM-01656,ICICI,Coimbatore,11.13679,76.97046
ATM-01657,Canara,Coimbatore,10.9408,77.05425
ATM-01658,Union,Coimbatore,11.10775,76.86287
ATM-01659,Axis,Coimbatore,10.98361,77.05756
ATM-01660,Axis,Coimbatore,11.01798,77.05213
ATM-01661,Canara,Coimbatore,11.01939,77.05963
ATM-01662,BOB,Coimbatore,10.94801,76.87257
ATM-01663,Union,Coimbatore,11.08962,76.93752
ATM-01664,Axis,Coimbatore,11.06182,76.9808
ATM-01665,BOB,Coimbatore,10.99767,76.95897
ATM-01666,Kotak,Coimbatore,10.9098,77.02151
ATM-01667,Axis,Coimbatore,11.11358,76.8755
ATM-01668,ICICI,Coimbatore,11.02606,76.8915
ATM-01669,Axis,Coimbatore,10.95252,76.87777
ATM-01670,HDFC,Coimbatore,11.13105,77.00897
ATM-01671,Axis,Coimbatore,11.07661,77.0067
ATM-01672,Canara,Coimbatore,10.96221,77.037
ATM-01673,BOB,Coimbatore,10.90941,77.06239
ATM-01674,Canara,Coimbatore,11.10542,77.04425
ATM-01675,BOB,Coimbatore,11.05943,76.86991
ATM-01676,Canara,Coimbatore,10.93798,76.88775
ATM-01677,Axis,Coimbatore,10.97745,77.01978
ATM-01678,Yes,Coimbatore,11.13596,76.89044
ATM-01679,PNB,Coimbatore,10.98237,76.94044
ATM-01680,HDFC,Coimbatore,10.93566,76.88824
ATM-01681,HDFC,Coimbatore,10.93101,76.97734
ATM-01682,BOB,Coimbatore,11.01789,76.87986
ATM-01683,Union,Coimbatore,11.09838,77.02029
ATM-01684,BOB,Coimbatore,11.0135,77.06256
ATM-01685,Canara,Coimbatore,11.02124,76.94904
ATM-01686,HDFC,Coimbatore,10.93152,76.87641
ATM-01687,HDFC,Coimbatore,10.98123,76.92783
ATM-01688,Yes,Coimbatore,10.99362,76.92078
ATM-01689,Yes,Coimbatore,10.97734,77.00499
ATM-01690,Union,Coimbatore,11.05172,76.94747
ATM-01691,BOB,Coimbatore,11.0283,76.84579
ATM-01692,Yes,Coimbatore,10.98187,76.98699
ATM-01693,ICICI,Coimbatore,11.1253,76.98454
ATM-01694,SBI,Coimbatore,11.02981,76.99486
ATM-01695,Kotak,Coimbatore,11.12463,76.87068
ATM-01696,Kotak,Coimbatore,11.05948,76.93151
ATM-01697,Kotak,Coimbatore,11.03841,76.99834
ATM-01698,Canara,Coimbatore,11.08905,76.87334
ATM-01699,HDFC,Coimbatore,10.99341,76.87958
ATM-01700,SBI,Coimbatore,10.92944,77.05286
ATM-01701,BOB,Coimbatore,11.04473,77.02937
ATM-01702,SBI,Coimbatore,11.01577,76.92303
ATM-01703,Kotak,Coimbatore,10.98076,76.96347
ATM-01704,Kotak,Coimbatore,11.0502,76.95026
ATM-01705,Union,Coimbatore,10.95789,76.98213
ATM-01706,Kotak,Coimbatore,11.08543,76.89834
ATM-01707,Canara,Coimbatore,11.0888,76.85193
ATM-01708,PNB,Coimbatore,10.89968,77.0497
ATM-01709,Yes,Coimbatore,11.09395,76.87425
ATM-01710,SBI,Coimbatore,10.90202,76.88216
ATM-01711,PNB,Coimbatore,11.07361,76.86954
ATM-01712,PNB,Coimbatore,10.95152,76.84962
ATM-01713,HDFC,Coimbatore,10.92608,77.06889
ATM-01714,HDFC,Coimbatore,11.12407,76.96801
ATM-01715,Axis,Coimbatore,11.0823,76.87146
ATM-01716,Yes,Coimbatore,10.90637,76.95505
ATM-01717,ICICI,Madurai,9.90653,78.1509
ATM-01718,SBI,Madurai,9.94848,78.23423
ATM-01719,SBI,Madurai,9.82539,78.03831
ATM-01720,ICICI,Madurai,9.81043,78.16979
ATM-01721,ICICI,Madurai,9.83216,78.03869
ATM-01722,Axis,Madurai,9.85259,78.0857
ATM-01723,Yes,Madurai,9.89175,78.23476
ATM-01724,BOB,Madurai,9.88327,78.09796
ATM-01725,ICICI,Madurai,9.86103,78.23371
ATM-01726,Kotak,Madurai,9.84493,78.21408
ATM-01727,BOB,Madurai,9.95545,78.15706
ATM-01728,SBI,Madurai,9.93245,78.16317
ATM-01729,Union,Madurai,9.99316,78.13116
ATM-01730,SBI,Madurai,9.80851,78.10516
ATM-01731,Yes,Madurai,9.94944,78.08068
ATM-01732,SBI,Madurai,9.92793,78.03519
ATM-01733,ICICI,Madurai,10.02476,78.1344
ATM-01734,ICICI,Madurai,9.92442,78.16501
ATM-01735,Canara,Madurai,9.97096,78.0009
ATM-01736,Kotak,Madurai,10.03049,78.20247
ATM-01737,Union,Madurai,9.90458,78.16044
ATM-01738,Kotak,Madurai,9.89653,78.15885
ATM-01739,Union,Madurai,10.03559,78.22912
ATM-01740,Axis,Madurai,9.8439,78.21461
ATM-01741,Union,Madurai,9.86975,78.21671
ATM-01742,Kotak,Madurai,10.0023,78.23759
ATM-01743,PNB,Madurai,9.88159,78.18161
ATM-01744,Union,Madurai,9.99745,78.08064
ATM-01745,PNB,Madurai,10.01104,78.1171
ATM-01746,BOB,Madurai,10.01123,78.2371
ATM-01747,ICICI,Madurai,10.02845,78.18147
ATM-01748,Yes,Madurai,9.90794,78.01963
ATM-01749,Yes,Madurai,10.02293,78.14057
ATM-01750,Union,Madurai,9.9744,78.00085
ATM-01751,PNB,Madurai,9.9917,78.0245
ATM-01752,Yes,Madurai,10.01556,78.14528
ATM-01753,PNB,Madurai,9.91123,78.17413
ATM-01754,Kotak,Madurai,9.82473,78.10754
ATM-01755,PNB,Madurai,9.82862,78.11833
ATM-01756,PNB,Madurai,9.85668,78.15684
ATM-01757,Canara,Madurai,9.9929,78.04917
ATM-01758,Yes,Madurai,10.03154,78.2393
ATM-01759,PNB,Madurai,9.98973,78.16604
ATM-01760,Yes,Madurai,9.91469,78.20706
ATM-01761,HDFC,Madurai,9.96922,78.16717
ATM-01762,PNB,Madurai,9.81632,78.20048
ATM-01763,Canara,Madurai,9.81805,78.23699
ATM-01764,Kotak,Madurai,9.98207,78.22482
ATM-01765,Axis,Madurai,9.95805,78.09016
ATM-01766,BOB,Madurai,9.86753,78.12133
ATM-01767,SBI,Madurai,9.9199,78.02065
ATM-01768,HDFC,Madurai,9.8569,78.14398
ATM-01769,Union,Madurai,9.98019,78.08217
ATM-01770,HDFC,Madurai,9.84967,78.03259
ATM-01771,PNB,Madurai,9.96002,78.201
ATM-01772,Axis,Madurai,9.88592,78.03911
ATM-01773,PNB,Madurai,9.91893,78.18841
ATM-01774,ICICI,Madurai,9.8675,78.01442
ATM-01775,HDFC,Madurai,10.02274,78.14689
ATM-01776,BOB,Madurai,9.9566,78.12771
ATM-01777,BOB,Madurai,9.85614,78.09972
ATM-01778,Yes,Madurai,9.99854,78.16348
ATM-01779,Canara,Madurai,9.86089,78.111
ATM-01780,ICICI,Madurai,10.03608,78.22138
ATM-01781,Kotak,Madurai,9.93016,78.02854
ATM-01782,ICICI,Madurai,9.90243,78.04006
ATM-01783,PNB,Madurai,10.02093,78.1125
ATM-01784,BOB,Madurai,9.94037,78.02354
ATM-01785,ICICI,Madurai,9.98805,78.14125
ATM-01786,Yes,Madurai,9.88747,78.02268
ATM-01787,ICICI,Madurai,10.03555,78.2354
ATM-01788,Kotak,Madurai,9.92488,78.06763
ATM-01789,Kotak,Madurai,9.89761,78.1312
ATM-01790,BOB,Madurai,9.99011,78.07608
ATM-01791,Kotak,Madurai,9.83496,78.06802
ATM-01792,Kotak,Madurai,9.94033,78.22738
ATM-01793,Axis,Madurai,9.92057,78.22289
ATM-01794,ICICI,Madurai,9.93558,78.20682
ATM-01795,PNB,Madurai,9.89168,78.14496
ATM-01796,Union,Madurai,9.87554,78.17014
ATM-01797,Canara,Madurai,9.82065,78.00216
ATM-01798,HDFC,Madurai,9.82222,78.12338
ATM-01799,HDFC,Madurai,9.98597,78.05674
ATM-01800,Axis,Madurai,9.96942,78.2222
ATM-01801,SBI,Madurai,9.96797,78.17097
ATM-01802,HDFC,Madurai,9.86918,78.23378
ATM-01803,Union,Madurai,10.03778,78.07492
ATM-01804,Kotak,Madurai,9.97155,78.12344
ATM-01805,ICICI,Madurai,10.02181,78.14128
ATM-01806,ICICI,Madurai,9.80834,78.04845
ATM-01807,Axis,Madurai,10.02268,78.0536
ATM-01808,Canara,Madurai,10.0289,78.06399
ATM-01809,Yes,Madurai,10.03473,78.16176
ATM-01810,HDFC,Madurai,9.90242,78.16718
ATM-01811,Yes,Madurai,9.94837,78.16724
ATM-01812,PNB,Madurai,9.83172,78.1789
ATM-01813,SBI,Patna,25.59756,85.12028
ATM-01814,Yes,Patna,25.70295,85.25615
ATM-01815,ICICI,Patna,25.62369,85.17442
ATM-01816,ICICI,Patna,25.56333,85.10531
ATM-01817,PNB,Patna,25.56026,85.23362
ATM-01818,ICICI,Patna,25.60455,85.05662
ATM-01819,HDFC,Patna,25.50995,85.15885
ATM-01820,Union,Patna,25.51251,85.13827
ATM-01821,BOB,Patna,25.49716,85.13678
ATM-01822,SBI,Patna,25.60456,85.02123
ATM-01823,SBI,Patna,25.53078,85.05131
ATM-01824,Axis,Patna,25.53216,85.21535
ATM-01825,Union,Patna,25.65976,85.21796
ATM-01826,SBI,Patna,25.56711,85.09812
ATM-01827,SBI,Patna,25.52746,85.1784
ATM-01828,SBI,Patna,25.58273,85.13834
ATM-01829,HDFC,Patna,25.61907,85.06102
ATM-01830,HDFC,Patna,25.53645,85.20336
ATM-01831,PNB,Patna,25.55542,85.03652
ATM-01832,BOB,Patna,25.49191,85.20456
ATM-01833,PNB,Patna,25.53275,85.05473
ATM-01834,HDFC,Patna,25.57777,85.24116
ATM-01835,ICICI,Patna,25.64359,85.12052
ATM-01836,ICICI,Patna,25.61499,85.13706
ATM-01837,PNB,Patna,25.6706,85.20724
ATM-01838,HDFC,Patna,25.59575,85.09808
ATM-01839,Axis,Patna,25.59912,85.19714
ATM-01840,Axis,Patna,25.59665,85.05794
ATM-01841,HDFC,Patna,25.57809,85.17629
ATM-01842,Axis,Patna,25.53174,85.1297
ATM-01843,Yes,Patna,25.63295,85.04183
ATM-01844,Kotak,Patna,25.49517,85.18258
ATM-01845,Kotak,Patna,25.55449,85.08149
ATM-01846,Yes,Patna,25.52752,85.11378
ATM-01847,SBI,Patna,25.49069,85.03796
ATM-01848,HDFC,Patna,25.60442,85.25535
ATM-01849,PNB,Patna,25.56588,85.18091
ATM-01850,BOB,Patna,25.52066,85.17836
ATM-01851,HDFC,Patna,25.60915,85.12509
ATM-01852,BOB,Patna,25.69823,85.21309
ATM-01853,Yes,Patna,25.50456,85.03371
ATM-01854,ICICI,Patna,25.50459,85.18217
ATM-01855,SBI,Patna,25.61285,85.25191
ATM-01856,HDFC,Patna,25.66357,85.2073
ATM-01857,SBI,Patna,25.50119,85.09489
ATM-01858,PNB,Patna,25.52714,85.24522
ATM-01859,Kotak,Patna,25.55761,85.18451
ATM-01860,ICICI,Patna,25.5717,85.2162
ATM-01861,SBI,Patna,25.70886,85.12271
ATM-01862,Yes,Patna,25.50579,85.14814
ATM-01863,ICICI,Patna,25.68163,85.17042
ATM-01864,HDFC,Patna,25.63227,85.08016
ATM-01865,Axis,Patna,25.50175,85.10894
ATM-01866,Kotak,Patna,25.47497,85.02776
ATM-01867,Union,Patna,25.49431,85.09105
ATM-01868,Canara,Patna,25.5505,85.23573
ATM-01869,Union,Patna,25.68173,85.15877
ATM-01870,Axis,Patna,25.60206,85.09228
ATM-01871,Kotak,Patna,25.59001,85.09857
ATM-01872,Axis,Patna,25.55924,85.15178
ATM-01873,ICICI,Patna,25.62279,85.17589
ATM-01874,Union,Patna,25.59503,85.11811
ATM-01875,PNB,Patna,25.5186,85.14524
ATM-01876,BOB,Patna,25.50264,85.16841
ATM-01877,Axis,Patna,25.66155,85.14177
ATM-01878,Canara,Patna,25.64315,85.2268
ATM-01879,Yes,Patna,25.56414,85.0873
ATM-01880,PNB,Patna,25.6733,85.02524
ATM-01881,Axis,Patna,25.58992,85.19307
ATM-01882,PNB,Patna,25.64913,85.22451
ATM-01883,Kotak,Patna,25.5833,85.03829
ATM-01884,Axis,Patna,25.65011,85.06737
ATM-01885,PNB,Patna,25.7101,85.12132
ATM-01886,PNB,Patna,25.62656,85.18404
ATM-01887,Yes,Patna,25.60572,85.09962
ATM-01888,Canara,Patna,25.48187,85.24848
ATM-01889,PNB,Patna,25.68769,85.226
ATM-01890,Kotak,Patna,25.66716,85.07263
ATM-01891,ICICI,Patna,25.58744,85.19032
ATM-01892,PNB,Patna,25.59114,85.10622
ATM-01893,ICICI,Patna,25.68922,85.02797
ATM-01894,BOB,Patna,25.68899,85.22132
ATM-01895,ICICI,Patna,25.54336,85.05489
ATM-01896,ICICI,Patna,25.70791,85.06161
ATM-01897,Axis,Patna,25.55863,85.03216
ATM-01898,SBI,Patna,25.55366,85.222
ATM-01899,Kotak,Patna,25.57663,85.06375
ATM-01900,PNB,Patna,25.59632,85.04433
ATM-01901,Union,Patna,25.57959,85.11299
ATM-01902,Yes,Patna,25.71131,85.25443
ATM-01903,SBI,Patna,25.56771,85.10863
ATM-01904,Kotak,Patna,25.65068,85.04498
ATM-01905,Union,Patna,25.55401,85.1807
ATM-01906,Union,Patna,25.64607,85.06725
ATM-01907,PNB,Patna,25.63594,85.16424
ATM-01908,Axis,Patna,25.4977,85.18755
ATM-01909,Union,Indore,22.6556,22.74024
ATM-01910,Union,Indore,22.81129,22.62871
ATM-01911,Union,Indore,22.67768,22.75426
ATM-01912,Axis,Indore,22.6212,22.71005
ATM-01913,Yes,Indore,22.65067,22.67432
ATM-01914,Axis,Indore,22.81924,22.60329
ATM-01915,Axis,Indore,22.62744,22.83633
ATM-01916,Kotak,Indore,22.75653,22.70097
ATM-01917,SBI,Indore,22.74054,22.69013
ATM-01918,PNB,Indore,22.72432,22.73163
ATM-01919,BOB,Indore,22.6642,22.78588
ATM-01920,Yes,Indore,22.71187,22.60287
ATM-01921,ICICI,Indore,22.71047,22.74337
ATM-01922,Canara,Indore,22.7863,22.80172
ATM-01923,HDFC,Indore,22.8291,22.63795
ATM-01924,BOB,Indore,22.83454,22.7817
ATM-01925,PNB,Indore,22.82492,22.81031
ATM-01926,SBI,Indore,22.71045,22.6506
ATM-01927,ICICI,Indore,22.61579,22.8168
ATM-01928,Canara,Indore,22.68814,22.70342
ATM-01929,Kotak,Indore,22.70893,22.82019
ATM-01930,ICICI,Indore,22.72347,22.83524
ATM-01931,HDFC,Indore,22.62365,22.72629
ATM-01932,Axis,Indore,22.68884,22.80629
ATM-01933,Kotak,Indore,22.65251,22.69261
ATM-01934,PNB,Indore,22.74407,22.73382
ATM-01935,Kotak,Indore,22.66776,22.61987
ATM-01936,Canara,Indore,22.80201,22.68745
ATM-01937,HDFC,Indore,22.75361,22.63261
ATM-01938,Kotak,Indore,22.68087,22.69978
ATM-01939,Axis,Indore,22.65294,22.60048
ATM-01940,Yes,Indore,22.75915,22.70672
ATM-01941,BOB,Indore,22.66161,22.64095
ATM-01942,SBI,Indore,22.6391,22.81964
ATM-01943,Kotak,Indore,22.6065,22.65233
ATM-01944,BOB,Indore,22.76336,22.76177
ATM-01945,Canara,Indore,22.73059,22.79181
ATM-01946,ICICI,Indore,22.64112,22.75446
ATM-01947,ICICI,Indore,22.66169,22.7543
ATM-01948,Canara,Indore,22.76811,22.7845
ATM-01949,Canara,Indore,22.80832,22.6693
ATM-01950,Union,Indore,22.63176,22.71561
ATM-01951,PNB,Indore,22.6263,22.6653
ATM-01952,Union,Indore,22.76247,22.73068
ATM-01953,Axis,Indore,22.7886,22.82527
ATM-01954,Kotak,Indore,22.76085,22.77792
ATM-01955,Kotak,Indore,22.7356,22.78035
ATM-01956,ICICI,Indore,22.71806,22.73156
ATM-01957,HDFC,Indore,22.79692,22.75628
ATM-01958,Union,Indore,22.61899,22.74952
ATM-01959,ICICI,Indore,22.82374,22.83289
ATM-01960,ICICI,Indore,22.66382,22.80259
ATM-01961,SBI,Indore,22.81697,22.82749
ATM-01962,BOB,Indore,22.60338,22.81326
ATM-01963,BOB,Indore,22.62046,22.79785
ATM-01964,Axis,Indore,22.72746,22.80658
ATM-01965,Union,Indore,22.67497,22.75183
ATM-01966,HDFC,Indore,22.60585,22.68038
ATM-01967,HDFC,Indore,22.8179,22.60499
ATM-01968,PNB,Indore,22.61174,22.7679
ATM-01969,HDFC,Indore,22.67177,22.77588
ATM-01970,BOB,Indore,22.80842,22.83715
ATM-01971,Canara,Indore,22.7443,22.83258
ATM-01972,PNB,Indore,22.82196,22.79417
ATM-01973,Canara,Indore,22.65424,22.62156
ATM-01974,ICICI,Indore,22.71576,22.74376
ATM-01975,Yes,Indore,22.69125,22.72987
ATM-01976,Axis,Indore,22.78826,22.70902
ATM-01977,PNB,Indore,22.82505,22.65251
ATM-01978,Axis,Indore,22.77836,22.7991
ATM-01979,SBI,Indore,22.63157,22.67295
ATM-01980,Kotak,Indore,22.65338,22.65174
ATM-01981,BOB,Indore,22.71036,22.68311
ATM-01982,Kotak,Indore,22.60598,22.78045
ATM-01983,BOB,Indore,22.69589,22.63799
ATM-01984,Yes,Indore,22.77533,22.75752
ATM-01985,Yes,Indore,22.63711,22.78305
ATM-01986,Canara,Indore,22.82005,22.71284
ATM-01987,Axis,Indore,22.64991,22.82693
ATM-01988,HDFC,Indore,22.68439,22.79459
ATM-01989,HDFC,Indore,22.66288,22.68326
ATM-01990,Union,Indore,22.71538,22.69005
ATM-01991,SBI,Indore,22.80162,22.67537
ATM-01992,ICICI,Indore,22.80896,22.67224
ATM-01993,ICICI,Indore,22.73211,22.74396
ATM-01994,HDFC,Indore,22.76776,22.64038
ATM-01995,BOB,Indore,22.78833,22.76236
ATM-01996,Yes,Indore,22.7044,22.7612
ATM-01997,Yes,Indore,22.64498,22.62377
ATM-01998,Kotak,Indore,22.64095,22.81485
ATM-01999,Yes,Indore,22.65269,22.80757
ATM-02000,Union,Indore,22.66622,22.62354
ATM-02001,Union,Indore,22.80139,22.6383
ATM-02002,Canara,Indore,22.72865,22.70512
ATM-02003,Axis,Indore,22.71627,22.62339
ATM-02004,Union,Indore,22.70623,22.81309
ATM-02005,PNB,Indore,22.62406,22.70408
ATM-02006,Union,Indore,22.7509,22.74228
ATM-02007,HDFC,Indore,22.64087,22.68282
ATM-02008,ICICI,Indore,22.71479,22.61526
ATM-02009,Canara,Indore,22.76551,22.63641
ATM-02010,SBI,Indore,22.79459,22.79191
ATM-02011,SBI,Indore,22.80094,22.8085
ATM-02012,PNB,Indore,22.64698,22.649
ATM-02013,BOB,Indore,22.66024,22.62031
ATM-02014,BOB,Indore,22.64337,22.59964
ATM-02015,Yes,Indore,22.65316,22.65784
ATM-02016,SBI,Indore,22.62698,22.65323
